Year,Governorate,Governorate_a,Locality,0_4_M,5_9_M,10_14_M,15_19_M,20_24_M,25_29_M,30_34_M,35_39_M,40_44_M,45_49_M,50_54_M,55_59_M,60_64_M,65P_M,Unknown_M,0_4_F,5_9_F,10_14_F,15_19_F,20_24_F,25_29_F,30_34_F,35_39_F,40_44_F,45_49_F,50_54_F,55_59_F,60_64_F,65P_F,Unknown_F
2017,Bethlehem,بيت لحم,الوَلَجَة,155,172,155,147,138,110,95,68,79,65,55,60,18,43,0,125,145,140,161,130,103,87,78,63,71,67,35,23,55,0
2017,Bethlehem,بيت لحم,بَتِّير,246,212,231,244,214,214,165,125,141,136,115,94,55,106,0,261,248,240,232,227,195,169,151,129,133,116,67,51,129,0
2017,Bethlehem,بيت لحم,العُبَيْدِيَّة,1236,989,790,827,797,667,506,362,333,295,188,113,93,144,0,1194,919,804,788,732,573,423,345,305,272,212,142,86,171,0
2017,Bethlehem,بيت لحم,مُخَيَّمْ عايدَة,188,164,140,147,146,136,98,83,70,72,72,39,27,38,0,145,149,155,142,142,130,102,89,66,64,66,35,29,60,0
2017,Bethlehem,بيت لحم,خَلَّة النُعْمَان,1,6,6,6,7,4,3,2,3,2,3,1,5,3,0,3,4,6,11,6,1,5,4,6,2,2,4,5,0,0
2017,Bethlehem,بيت لحم,مُخَيَّمْ العَزَّة,72,88,97,101,94,69,44,46,31,49,48,18,11,16,0,74,78,77,84,75,54,46,45,45,49,32,20,14,30,0
2017,Bethlehem,بيت لحم,الخَاص,21,26,29,23,15,17,6,14,10,12,12,5,2,7,0,23,30,22,25,14,9,14,12,14,11,4,3,6,8,0
2017,Bethlehem,بيت لحم,الحَدَّادِيَّة,4,5,4,9,3,3,0,4,3,4,1,0,1,1,0,6,6,5,3,4,1,3,3,2,3,1,1,0,1,0
2017,Bethlehem,بيت لحم,خلة حمامة,91,72,97,80,74,77,48,47,40,46,35,31,15,47,0,84,90,80,79,85,58,57,49,47,28,45,32,20,44,9
2017,Bethlehem,بيت لحم,بئر عونة,92,81,63,54,45,56,70,54,45,26,36,21,11,31,6,94,81,61,52,61,88,60,49,42,28,24,14,16,31,6
2017,Bethlehem,بيت لحم,بِيت جَالا,588,652,577,576,540,531,541,406,392,372,351,300,202,490,4,544,556,607,617,579,510,692,480,375,353,343,305,231,617,9
2017,Bethlehem,بيت لحم,دار صلاح,334,289,254,237,190,181,160,144,159,119,78,53,35,75,1,315,294,257,216,204,189,170,124,123,112,67,41,38,76,4
2017,Bethlehem,بيت لحم,حُوسَان,553,427,404,369,355,300,239,204,206,180,133,96,74,110,0,520,395,371,307,321,311,224,189,170,146,105,96,61,107,0
2017,Bethlehem,بيت لحم,وادي فُوكِين,81,82,61,70,60,60,50,44,29,31,40,22,17,35,0,83,60,66,56,70,66,42,36,31,30,30,27,19,30,0
2017,Bethlehem,بيت لحم, بِيت لَحْم,1468,1406,1354,1365,1366,1162,1333,796,759,685,654,528,371,744,235,1379,1345,1306,1307,1273,1094,1306,798,770,726,653,504,360,933,268
2017,Bethlehem,بيت لحم,بِيت ساحور,605,579,568,574,657,577,436,413,365,343,380,354,245,534,0,501,576,523,600,629,548,442,402,393,356,349,328,239,624,0
2017,Bethlehem,بيت لحم,الدْوحَة,784,786,742,704,631,537,427,368,388,284,259,185,120,187,0,769,793,707,656,613,565,414,422,336,297,203,149,102,188,0
2017,Bethlehem,بيت لحم,الخَضِر,827,732,643,654,602,561,439,383,336,305,208,132,90,180,0,804,656,703,634,581,486,405,350,289,244,188,117,110,174,0
2017,Bethlehem,بيت لحم,مُخَيَّمْ الدُهَيْشَة,468,481,516,506,468,402,270,255,245,236,226,134,72,126,3,462,481,437,456,461,372,267,265,276,224,213,130,76,182,1
2017,Bethlehem,بيت لحم,هِنْدَازَة وبُرَيْضِعَة,595,489,415,393,379,365,283,207,171,156,119,80,70,82,0,543,447,421,391,425,331,235,185,174,144,104,87,57,89,0
2017,Bethlehem,بيت لحم,الشَوَاوْرَة,347,283,238,176,179,147,162,147,135,85,67,51,41,62,0,282,251,201,201,193,177,158,109,99,85,60,57,46,78,0
2017,Bethlehem,بيت لحم,إرْطَاس,411,372,321,312,305,258,209,156,135,139,120,66,41,51,0,386,341,307,305,287,294,186,149,140,127,96,60,39,71,0
2017,Bethlehem,بيت لحم,نَحَّالين,635,584,537,486,449,376,295,264,220,193,132,110,65,91,0,654,521,481,474,451,347,295,229,197,184,110,111,64,93,0
2017,Bethlehem,بيت لحم,بِيت تَعْمَر,117,103,102,96,84,79,50,44,36,30,34,13,9,19,0,123,90,86,82,98,64,45,31,39,30,20,14,18,23,0
2017,Bethlehem,بيت لحم,خَلِّةْ اللُوزَة,54,46,41,26,38,28,23,19,14,9,16,5,5,8,0,50,35,34,37,35,26,16,10,17,13,13,6,7,7,0
2017,Bethlehem,بيت لحم,الجَبْعَة,90,72,66,66,71,61,45,31,18,21,20,16,9,6,0,76,84,59,40,63,51,35,16,14,29,20,13,4,13,0
2017,Bethlehem,بيت لحم,زَعْتَرَة,599,484,471,426,359,314,274,226,221,174,104,72,85,131,2,593,444,449,386,392,315,249,209,174,159,141,96,72,142,2
2017,Bethlehem,بيت لحم,الفُرَيْدِيس,106,81,68,64,63,41,35,26,31,18,11,8,7,13,0,100,60,45,53,68,39,36,23,29,18,12,12,7,9,0
2017,Bethlehem,بيت لحم,جناتا (بدَّ فلوح),584,486,406,412,414,303,266,197,186,156,104,81,60,83,0,524,458,407,434,374,293,206,193,183,136,112,58,52,90,0
2017,Bethlehem,بيت لحم,خَلِّةْ البلوطه,7,5,1,3,4,8,1,2,1,1,2,0,2,3,0,3,1,1,5,6,5,1,1,1,2,2,2,1,2,0
2017,Bethlehem,بيت لحم,وادي رَحَّال,100,111,137,123,101,72,46,55,57,59,35,23,13,34,0,95,107,109,98,80,48,65,55,50,35,32,20,14,26,0
2017,Bethlehem,بيت لحم,جب الذيب ,11,10,15,5,4,2,2,6,6,2,0,2,2,2,0,8,13,12,10,4,1,4,10,4,1,1,2,1,2,0
2017,Bethlehem,بيت لحم,خَلِّةْ سَكَارْيَا,7,12,10,7,6,4,4,6,2,4,1,3,1,1,0,15,9,9,6,4,8,6,3,1,4,2,2,3,0,0
2017,Bethlehem,بيت لحم,خَلِّة الحَدَّادْ,37,28,23,26,23,35,20,12,14,16,10,9,3,8,0,31,35,22,18,23,17,21,14,10,11,10,10,2,14,0
2017,Bethlehem,بيت لحم,المَعْصَرَة,88,68,61,58,56,52,35,31,25,17,17,13,9,17,0,93,74,56,57,47,49,34,26,18,14,16,20,10,12,0
2017,Bethlehem,بيت لحم,وادي النِيصْ,87,47,53,51,47,49,30,41,22,18,14,8,7,11,0,94,76,55,51,52,48,29,27,19,14,16,12,3,9,0
2017,Bethlehem,بيت لحم,خِرْبِة الدِير,149,119,124,107,108,94,76,54,67,49,31,22,26,25,0,135,99,103,93,114,74,71,65,47,35,28,25,16,32,0
2017,Bethlehem,بيت لحم,جْورَة الشَمْعَة,128,103,94,102,103,98,66,70,37,39,18,26,13,24,0,127,107,92,91,90,75,58,50,36,30,28,18,10,26,0
2017,Bethlehem,بيت لحم,خَلِّةْ عفَانَة,1,2,4,3,3,3,1,1,1,2,6,1,0,4,0,2,3,1,4,0,0,3,2,2,3,2,1,2,1,0
2017,Bethlehem,بيت لحم,مَراح مَعَلاَّ,75,81,63,66,58,45,46,38,29,20,14,14,7,7,0,80,53,71,59,38,39,33,31,31,16,18,13,7,9,0
2017,Bethlehem,بيت لحم,الحَلْقوم,22,15,17,11,17,6,10,9,8,5,4,2,2,5,0,19,18,18,15,12,12,9,9,4,2,6,2,2,2,0
2017,Bethlehem,بيت لحم,أُمُّ سَلْمُونَة,92,87,62,70,54,63,37,42,38,22,18,11,8,4,0,79,73,75,62,65,50,30,30,40,17,21,5,10,10,0
2017,Bethlehem,بيت لحم,المَنْشِيَّة,40,23,34,36,33,17,13,13,16,5,6,4,5,3,0,47,34,38,41,32,23,11,15,14,8,4,6,1,5,0
2017,Bethlehem,بيت لحم,تُقُوع,651,527,423,572,490,442,303,249,244,211,106,81,62,109,0,635,472,485,496,508,346,276,238,207,156,121,87,52,125,0
2017,Bethlehem,بيت لحم,مَرَاح رَبَاح,122,108,137,98,112,77,61,43,38,37,21,22,11,12,0,112,95,105,113,87,74,51,43,40,29,28,15,9,11,0
2017,Bethlehem,بيت لحم,وادي امحيميد,12,9,7,16,11,5,2,5,8,2,1,1,2,1,0,4,7,10,13,1,6,4,6,6,4,1,2,2,0,0
2017,Bethlehem,بيت لحم,خِرْبِةْ تُقُوع,11,9,6,4,5,2,6,7,3,4,0,1,0,4,0,16,7,4,8,4,9,7,4,2,2,0,0,2,3,0
2017,Bethlehem,بيت لحم,بِيت فَجَّار,876,814,790,768,691,629,485,429,361,342,288,186,106,166,0,808,728,790,740,673,529,458,397,343,320,229,146,89,195,0
2017,Bethlehem,بيت لحم,المَنِيِّا,143,100,68,70,63,56,46,39,27,17,15,4,8,17,0,120,87,85,73,65,56,52,34,22,20,15,8,12,10,0
2017,Bethlehem,بيت لحم,كِيسَان,63,49,32,36,18,23,15,6,7,9,15,2,3,4,0,41,37,35,30,29,23,16,14,6,14,16,4,2,5,0
2017,Bethlehem,بيت لحم,عَرَبْ الرَشايْدِة,217,160,135,103,115,78,67,40,22,20,25,17,11,12,0,220,156,120,112,101,76,52,40,28,28,42,15,12,14,0
2017,Hebron,الخليل,خِرْبِة الدِير,30,28,18,19,18,16,10,5,15,5,5,3,3,5,0,27,23,24,21,16,14,8,12,10,5,2,2,5,7,0
2017,Hebron,الخليل,صُورِيف,1387,1033,897,857,918,877,596,504,394,379,302,210,143,218,0,1276,1079,963,857,869,765,537,513,415,325,268,198,156,260,0
2017,Hebron,الخليل,مُخَيَّمْ العَرُّوب,552,526,526,521,506,438,261,224,222,210,198,110,84,135,3,506,487,496,528,465,372,275,240,202,245,195,116,77,173,1
2017,Hebron,الخليل,بِيت أُمّر,1166,1080,989,899,874,707,552,506,471,455,292,190,133,262,0,1111,1072,972,966,810,668,556,509,448,350,263,174,123,289,0
2017,Hebron,الخليل,جَالا,25,18,22,16,14,13,12,2,14,8,11,3,4,6,0,20,28,25,24,24,15,16,9,7,13,4,8,3,6,0
2017,Hebron,الخليل,حَتَّا,103,83,81,68,71,50,25,20,22,24,11,7,5,8,0,89,83,86,85,52,51,22,23,17,22,15,8,6,12,0
2017,Hebron,الخليل,شُيُوخْ العَرُّوب,154,149,127,105,92,78,63,72,45,41,40,21,11,23,0,119,140,111,109,82,85,63,50,40,42,23,21,14,28,0
2017,Hebron,الخليل,خَارَاس,817,598,514,483,520,461,307,253,210,192,143,103,60,96,3,787,554,500,440,472,377,247,218,183,167,109,94,67,113,3
2017,Hebron,الخليل,أُم البُطُم,9,2,6,7,6,2,0,2,1,2,1,2,1,0,0,4,6,4,6,7,1,2,4,2,1,0,2,0,2,0
2017,Hebron,الخليل,حَمْرّوش,1,3,8,4,1,0,1,1,1,0,1,1,2,0,0,4,3,3,4,4,0,3,1,1,2,1,2,0,1,0
2017,Hebron,الخليل,نُوبَا,459,365,295,273,345,299,196,142,115,102,122,66,41,48,0,450,339,320,282,325,241,170,122,119,104,76,75,32,78,0
2017,Hebron,الخليل,كوازيبا,107,87,100,75,67,61,38,32,32,29,20,11,7,20,0,113,113,86,79,60,52,39,34,35,24,19,12,6,18,0
2017,Hebron,الخليل,بِيت أُولا,1293,1032,875,730,803,692,461,357,285,240,224,138,105,141,0,1250,1007,862,759,725,655,395,300,296,241,202,127,107,158,0
2017,Hebron,الخليل,سَعِيْر,1741,1352,1223,1217,1078,905,676,556,442,422,308,213,141,270,2,1615,1341,1211,1124,1008,805,616,564,445,372,280,226,158,298,3
2017,Hebron,الخليل,حَلْحُول,1798,1706,1558,1386,1344,1159,837,724,674,639,512,452,270,533,0,1789,1624,1512,1396,1295,1115,851,781,648,626,464,364,270,561,0
2017,Hebron,الخليل,الشُيُوخ,986,771,742,691,610,590,410,315,272,245,175,136,85,133,0,878,801,725,624,656,472,349,321,247,228,168,123,83,152,0
2017,Hebron,الخليل,تَرْقُومْيا,1611,1220,1057,972,1118,992,645,500,417,369,292,228,156,203,3,1552,1191,1028,988,1038,919,614,464,409,363,273,222,131,233,1
2017,Hebron,الخليل,بِيت كاحِل,810,634,611,521,498,386,275,239,171,142,134,73,44,67,0,647,602,555,513,449,342,271,208,168,144,123,89,44,73,0
2017,Hebron,الخليل,بِيت عِينُون,138,140,136,106,99,82,71,46,45,39,27,20,9,32,0,157,123,117,108,82,79,53,47,47,35,30,14,9,27,0
2017,Hebron,الخليل,قلاع زيتا,80,82,65,58,51,41,28,29,28,24,18,11,5,16,8,76,88,74,46,41,42,33,31,26,21,18,8,7,17,8
2017,Hebron,الخليل,إذْنَا,2244,1915,1511,1230,1218,1171,909,817,657,456,338,253,179,308,9,2179,1864,1412,1211,1187,1167,861,719,496,446,332,270,194,310,8
2017,Hebron,الخليل,وادي الرِيم,18,12,11,10,15,12,5,2,3,9,0,2,0,4,0,22,15,15,15,15,7,9,3,8,4,2,1,0,4,0
2017,Hebron,الخليل,سُوبَا,12,9,12,6,5,5,3,5,3,2,3,0,1,4,0,9,12,5,4,7,4,5,5,4,2,4,2,1,4,0
2017,Hebron,الخليل,قِنَان النِمِر,12,17,7,13,12,6,2,2,3,6,3,0,0,1,0,11,10,9,13,8,4,3,1,3,5,4,0,0,3,0
2017,Hebron,الخليل,تَفُّوح,1437,1127,962,901,850,715,496,434,326,267,203,134,79,118,10,1342,1130,943,843,804,657,472,364,322,250,195,138,71,115,11
2017,Hebron,الخليل,بِيت مَقْدُوم,86,92,70,50,52,54,31,37,31,25,11,11,5,15,0,94,68,55,45,53,57,35,37,25,19,12,9,11,13,0
2017,Hebron,الخليل,ألكُوم,93,85,65,79,93,82,49,37,28,40,23,23,7,15,1,102,81,81,84,88,80,44,30,36,33,29,16,10,22,0
2017,Hebron,الخليل,البويرة (البقعة),116,115,91,67,66,51,45,38,20,19,23,15,13,24,0,114,106,85,70,59,61,33,31,27,20,28,12,11,22,0
2017,Hebron,الخليل,الخَليل,15280,14348,12918,10888,9973,8302,6448,5505,4669,4063,3453,2501,1644,2753,41,14539,13553,12195,10472,9135,7784,6153,5206,4528,3713,3066,2172,1448,2764,36
2017,Hebron,الخليل,البويرة (عقبة انجيلة),127,109,121,107,70,70,44,39,29,30,23,14,8,7,0,109,115,101,89,76,49,49,33,31,30,16,11,7,10,0
2017,Hebron,الخليل,خَلِّةْ الدار,244,222,200,168,159,123,90,71,70,52,43,29,19,22,20,241,197,173,176,156,105,82,67,72,48,35,25,21,17,21
2017,Hebron,الخليل,حُمْصَة,8,7,2,1,2,2,2,4,1,0,0,1,0,1,0,9,4,2,3,4,4,3,1,0,0,1,0,2,0,0
2017,Hebron,الخليل,المُوَرَّقْ,64,55,63,33,52,35,21,25,19,13,9,10,2,10,0,61,64,57,49,40,36,30,22,20,14,8,5,9,9,0
2017,Hebron,الخليل,طَاروسَة,16,5,8,7,8,5,6,5,0,2,0,1,1,2,0,10,15,9,8,7,6,4,4,5,1,0,2,1,0,0
2017,Hebron,الخليل,دِير سَامِت,782,609,497,466,466,341,281,196,144,112,91,76,51,53,0,666,558,510,439,357,342,243,200,160,131,96,75,57,72,0
2017,Hebron,الخليل,بَني نَعِيم,1939,1652,1546,1371,1331,1082,776,630,485,465,334,269,177,246,0,1818,1620,1499,1451,1292,982,768,616,531,471,368,249,188,342,0
2017,Hebron,الخليل,مسافر بني نعيم (خَلِّةْ المسافر),55,52,31,38,29,15,15,12,13,7,3,6,4,11,1,47,35,32,29,30,16,17,8,16,7,9,5,8,10,3
2017,Hebron,الخليل,بِيت عَوَّا,789,679,595,575,576,485,383,251,222,186,153,115,79,117,0,757,687,574,556,569,463,332,283,236,190,158,148,94,129,0
2017,Hebron,الخليل,دُورَا,2918,2469,2302,2101,2167,1827,1265,1003,905,812,695,525,333,522,0,2793,2457,2201,2048,2045,1684,1251,1091,911,820,640,487,287,569,0
2017,Hebron,الخليل,قَلْقَس,147,122,112,99,111,64,45,38,29,34,24,14,4,6,0,133,151,124,95,88,72,44,36,35,29,21,14,5,4,0
2017,Hebron,الخليل,سِكَّة ,77,68,47,52,46,44,19,25,27,17,19,8,8,12,0,56,52,56,43,45,36,20,38,26,23,14,10,6,15,0
2017,Hebron,الخليل,وادي عُبَيْد,73,52,60,45,55,45,29,35,19,14,15,10,10,29,0,60,61,49,54,44,39,34,29,28,24,11,17,14,16,0
2017,Hebron,الخليل,بِيريِن,12,11,8,7,5,9,4,6,2,0,1,1,4,6,0,13,11,5,4,3,10,6,4,3,2,1,2,6,3,0
2017,Hebron,الخليل,العين,11,14,14,7,8,1,2,3,5,1,3,5,1,4,0,14,10,9,8,6,2,4,4,6,2,3,4,1,4,0
2017,Hebron,الخليل,طَوَاس,26,9,8,8,13,8,9,4,6,4,3,5,2,3,0,15,7,8,12,14,10,6,3,2,7,5,3,1,2,0
2017,Hebron,الخليل,خُرَسا,296,218,176,173,198,165,124,105,78,56,58,29,18,53,0,304,208,180,148,180,154,107,113,85,60,49,40,26,62,0
2017,Hebron,الخليل,طَرَّامَة,47,49,37,34,38,24,23,9,13,13,15,9,4,7,0,42,38,43,35,37,25,19,11,15,14,14,11,2,11,0
2017,Hebron,الخليل,مُخَيَّمْ الفَوَّار,545,475,501,468,428,372,215,205,164,180,143,99,55,68,0,490,477,496,440,367,317,208,181,179,164,126,83,63,92,0
2017,Hebron,الخليل,المَجْد,174,153,126,130,111,94,67,56,49,59,38,29,22,33,0,157,161,111,107,125,79,69,74,65,39,34,28,26,49,0
2017,Hebron,الخليل,مَراح البَقَّار,30,27,13,10,14,8,6,13,11,6,1,2,1,5,0,22,22,24,15,7,13,9,11,7,6,1,5,1,7,0
2017,Hebron,الخليل,حَدَبْ ألفَوَّار,205,165,126,117,136,90,67,78,54,54,31,14,15,40,0,170,145,153,126,112,93,75,67,61,41,25,20,21,41,0
2017,Hebron,الخليل,دِير العَسَل التَحْتَا,35,38,37,30,21,19,12,16,19,11,10,4,7,18,0,51,45,39,25,29,20,29,21,14,16,15,8,5,19,0
2017,Hebron,الخليل,وادي الشَاجِنَة,49,47,49,47,39,48,22,19,11,15,13,13,4,10,0,66,46,44,38,35,35,20,14,15,20,17,6,4,12,0
2017,Hebron,الخليل,الصُرَّة,367,262,220,197,208,175,121,103,79,72,39,36,20,40,0,317,301,254,200,194,147,130,99,109,59,52,35,29,55,0
2017,Hebron,الخليل, دِير رَازِح,20,27,26,17,9,9,2,10,8,8,4,1,4,6,3,15,15,17,17,11,8,14,10,9,5,5,3,2,5,2
2017,Hebron,الخليل,الرِيحِيَّة,493,394,443,345,312,243,150,153,123,76,66,50,23,56,0,480,435,382,337,272,202,158,125,108,87,62,49,40,60,0
2017,Hebron,الخليل,زِيفْ,86,88,64,51,54,50,38,33,15,15,7,10,7,14,0,106,68,64,43,56,42,44,22,18,13,11,11,12,13,0
2017,Hebron,الخليل,دِير العَسَل الفُوقا,164,100,101,102,122,84,61,42,34,29,25,23,8,29,0,156,122,108,92,105,80,47,54,40,29,30,21,10,31,0
2017,Hebron,الخليل,إمرِيش,155,144,153,115,96,99,72,61,56,35,38,28,14,28,0,155,145,128,106,116,98,86,59,57,41,33,27,12,39,0
2017,Hebron,الخليل,إسْكِيك,16,12,11,7,19,11,10,3,2,6,6,3,1,1,0,15,13,7,15,15,11,9,2,3,3,3,5,1,1,0
2017,Hebron,الخليل,البُوَيْب,64,56,52,44,20,23,23,17,16,12,5,2,2,14,0,66,61,51,38,36,30,20,23,13,11,12,2,5,12,0
2017,Hebron,الخليل,طوبا,3,7,1,4,5,7,3,2,0,2,1,0,0,2,0,7,3,4,5,7,6,1,1,0,1,1,1,0,2,0
2017,Hebron,الخليل,بِيت الرُوشْ التَحْتَا,27,20,23,26,29,23,12,9,8,10,9,8,3,3,0,32,25,24,25,30,16,11,9,12,14,6,4,2,6,0
2017,Hebron,الخليل,بِيت مِرْسِم,21,40,39,27,29,11,7,8,9,10,9,4,2,5,0,23,22,30,25,12,15,7,13,9,14,7,4,2,11,0
2017,Hebron,الخليل,بِيت الرُوشْ الفُوقا,132,92,83,68,88,59,44,36,29,20,17,13,10,11,0,133,100,82,62,57,61,42,35,23,17,24,9,16,15,0
2017,Hebron,الخليل,كَرْمَة,132,124,113,118,101,71,49,41,34,40,29,25,10,27,0,124,134,100,92,87,52,50,55,42,36,29,15,13,29,0
2017,Hebron,الخليل,بِيت عَمْرَة,364,250,220,203,208,171,121,87,58,51,40,25,20,21,24,327,250,185,179,191,140,114,74,62,53,40,30,15,34,31
2017,Hebron,الخليل,الكعابنه - أم الدرج (الزُوَيْدين),159,126,114,82,73,44,38,18,24,17,10,7,4,8,3,155,127,97,77,75,48,33,33,21,20,15,12,4,9,3
2017,Hebron,الخليل,وادي الكِلاب,5,5,4,2,1,0,3,0,1,2,0,0,0,0,0,4,3,5,4,3,0,3,0,3,0,0,0,0,1,0
2017,Hebron,الخليل,أُم الشقحان,60,56,42,26,28,28,17,13,13,13,5,3,2,6,0,65,38,36,27,28,33,15,11,16,8,5,3,1,4,0
2017,Hebron,الخليل,خَلِّةْ المَيِّة,202,154,121,135,119,96,60,45,39,36,25,9,8,20,0,199,147,150,110,124,90,64,49,39,38,25,13,5,16,0
2017,Hebron,الخليل,أُم العمد (سهل واد الماء),47,36,29,26,18,10,13,17,10,10,2,3,1,2,0,27,33,17,21,13,14,11,16,12,2,1,3,2,2,0
2017,Hebron,الخليل,يَطَّا,5731,4470,3949,3550,3387,2716,2029,1543,1268,1011,795,550,358,567,24,5341,4292,3806,3395,3277,2717,1931,1595,1317,1099,798,565,377,690,27
2017,Hebron,الخليل,الرِفَاعِيَّة والدِيرَات ,147,108,84,61,66,36,35,26,26,14,5,3,8,11,0,144,114,87,70,67,53,31,36,23,17,10,4,10,9,0
2017,Hebron,الخليل,خَشْم الدرج (الهذالين),89,89,68,57,40,29,30,22,20,11,10,4,4,8,0,96,105,65,42,28,29,34,23,23,17,13,5,10,13,0
2017,Hebron,الخليل,خَشْم الكَرْم,16,11,11,10,5,5,4,4,2,3,2,1,0,2,0,18,11,11,5,9,2,5,3,3,3,2,1,0,1,0
2017,Hebron,الخليل,كُرْزَة,76,56,60,51,40,45,36,22,18,21,14,12,10,11,0,69,55,49,41,55,46,32,29,21,19,15,13,9,13,0
2017,Hebron,الخليل,رَابُود,212,213,180,166,136,118,82,76,83,54,36,28,17,41,0,180,174,146,180,125,98,105,81,80,53,36,26,32,43,0
2017,Hebron,الخليل,أمُّ لصَفَا وابو شبان,149,130,107,104,80,64,57,36,23,24,17,4,6,15,3,154,131,93,88,78,77,62,36,34,21,9,14,6,14,3
2017,Hebron,الخليل,البُرْج والبيرة,281,207,165,179,188,160,98,87,71,53,57,39,16,44,0,238,201,181,128,172,141,88,99,84,48,45,32,31,55,0
2017,Hebron,الخليل,أُم الخير,67,56,37,47,39,27,21,17,10,11,8,6,4,5,0,47,48,43,42,35,23,20,12,15,11,9,10,3,9,0
2017,Hebron,الخليل,سدة الثعلة,4,5,5,6,4,0,1,1,0,1,1,1,0,0,0,2,2,1,2,3,1,0,1,1,3,0,0,0,0,0
2017,Hebron,الخليل,الكَرْمِل,975,818,617,534,483,354,346,238,195,145,85,69,32,73,0,911,694,609,505,432,397,317,243,206,133,95,62,43,77,0
2017,Hebron,الخليل,مجد الباع,10,8,9,4,11,1,6,3,1,3,0,0,2,1,4,8,5,10,7,5,7,3,1,4,1,2,0,1,1,4
2017,Hebron,الخليل,قنان جابر,31,37,22,12,17,15,11,14,6,6,1,3,0,4,0,30,17,29,16,14,18,18,5,8,2,4,2,1,4,0
2017,Hebron,الخليل,سومرة,15,22,12,20,8,11,6,3,7,3,8,2,0,2,0,24,21,13,16,9,11,5,6,6,6,3,1,0,3,0
2017,Hebron,الخليل,الظَاهِرِيَّة,2838,2503,2155,1894,1892,1656,1134,1002,859,717,495,407,265,429,16,2693,2218,2092,1908,1741,1452,1144,946,858,637,507,434,292,535,15
2017,Hebron,الخليل,إقطيط,0,0,0,1,2,0,0,0,0,0,1,0,0,0,0,0,0,2,0,1,0,0,0,1,0,0,0,0,0,0
2017,Hebron,الخليل,كَفْر جُول,1,0,1,1,2,1,0,0,0,0,1,2,1,0,0,1,0,1,1,1,1,0,0,1,1,0,2,0,0,0
2017,Hebron,الخليل,التَوانِي,13,15,15,11,12,5,6,2,3,4,2,1,1,0,0,22,20,13,7,6,9,7,3,6,2,2,1,1,4,0
2017,Hebron,الخليل,سوسيا ,18,13,19,12,9,5,3,9,4,2,1,3,1,2,0,19,12,13,12,6,6,10,5,2,5,2,2,2,1,0
2017,Hebron,الخليل,النَجادَة,37,35,37,28,24,15,10,10,7,10,7,5,1,3,0,42,36,30,28,24,10,9,13,10,7,3,1,2,3,0
2017,Hebron,الخليل,خِرْبِة دير شمس,8,3,4,9,5,1,2,0,0,2,2,3,0,1,0,8,0,7,3,4,4,2,4,1,3,2,0,1,1,0
2017,Hebron,الخليل,الركيز,1,4,1,0,0,0,1,1,0,0,1,0,0,0,0,0,1,1,0,0,1,1,0,0,2,0,0,0,0,0
2017,Hebron,الخليل,المفقرة,5,3,5,5,7,2,0,0,1,1,3,1,0,1,0,4,2,6,6,11,2,0,1,1,3,1,1,0,1,0
2017,Hebron,الخليل,خربة شويكة,27,29,23,19,9,7,8,9,4,5,4,2,1,3,0,18,21,22,17,10,6,10,6,8,4,4,2,2,1,0
2017,Hebron,الخليل,عِنَّاب الكَبِير,34,31,31,21,25,16,19,17,12,5,4,3,3,6,0,38,33,28,29,17,20,17,16,11,4,4,7,4,6,0
2017,Hebron,الخليل,خِرْبِة اصَفِي (الفوقا والتحتا),6,3,8,5,6,1,2,2,1,0,0,1,2,2,0,6,6,0,5,4,2,3,2,0,1,1,1,0,3,0
2017,Hebron,الخليل,المَقْعُورَة,3,6,1,2,3,1,2,1,0,0,1,1,1,1,0,3,2,3,2,3,5,0,0,0,2,1,0,0,1,0
2017,Hebron,الخليل,شِعِب البُطم,17,15,19,8,8,5,8,2,2,2,2,3,1,6,0,15,10,10,8,6,3,4,7,4,1,2,4,2,2,0
2017,Hebron,الخليل,قَواوِيس,1,0,0,0,3,2,0,0,0,1,1,0,1,2,0,3,1,2,1,3,2,0,1,1,1,0,1,2,2,0
2017,Hebron,الخليل,السَمُوع,2080,1802,1638,1393,1479,1096,809,694,603,487,362,212,172,293,0,1897,1768,1509,1430,1327,1035,831,716,540,494,351,261,204,390,0
2017,Hebron,الخليل,خِرْبِة الرظيم,1,1,0,1,0,1,0,0,0,0,0,0,0,1,0,4,2,2,1,0,1,0,0,1,0,0,0,0,0,0
2017,Hebron,الخليل,إدقيقة (خِرْبِة طَويل الشِيح),33,24,19,23,13,8,9,6,3,5,3,3,0,3,0,34,30,16,13,16,10,5,3,6,5,2,5,0,2,0
2017,Hebron,الخليل,الرَماضِين,319,282,253,247,214,165,133,117,114,58,52,38,25,37,0,293,272,248,247,239,184,156,111,77,74,54,37,34,48,0
2017,Hebron,الخليل,مَغَايِر العَبِيد,1,3,2,2,0,1,0,0,0,0,0,0,1,0,0,1,1,0,1,0,1,1,0,0,0,1,0,0,0,0
2017,Hebron,الخليل,خِرْبِة الفَخِيت,22,18,16,15,27,6,9,2,6,7,3,5,3,5,0,28,23,18,17,24,8,13,2,10,5,5,6,5,2,0
2017,Hebron,الخليل,خِرْبِة بِير العِد,10,11,11,12,6,2,4,1,4,2,2,2,1,1,0,11,5,9,12,6,5,2,1,4,4,2,2,0,2,0
2017,Hebron,الخليل,هَريبَة النَبي,3,3,0,3,3,1,1,1,1,0,2,0,1,1,0,3,1,1,1,1,4,1,2,2,2,0,1,0,2,0
2017,Hebron,الخليل,خِرْبِة زَنُّوتَة,13,10,9,5,6,8,3,3,3,1,2,1,1,1,0,15,12,5,9,2,6,4,4,1,1,0,1,1,3,0
2017,Hebron,الخليل,إِمنيزِل,23,24,18,17,14,7,10,5,3,4,4,6,0,3,0,24,18,22,13,14,12,8,4,4,4,6,2,3,5,0
2017,Hebron,الخليل,خِرْبِة الخَرابَة,0,1,1,3,4,0,0,0,0,1,1,0,0,0,0,0,1,2,1,0,0,0,0,0,1,1,0,0,0,0
2017,Hebron,الخليل,خِرْبِة غْوين الفُوقَا,6,3,5,3,4,1,1,2,1,0,1,1,0,3,0,3,0,2,4,3,1,1,3,2,0,0,0,2,3,0
2017,Hebron,الخليل,خِرْبِة الرَهْوَة,4,4,1,5,3,2,4,0,2,0,1,1,0,3,0,3,2,3,1,1,4,0,2,0,2,0,1,2,0,0
2017,Hebron,الخليل,عَرَب الفُرَيْجَات,24,29,31,23,18,17,7,10,9,7,12,6,2,8,0,33,19,24,28,31,17,17,8,13,16,7,1,4,8,0
2017,Jenin,جنين,زَبُوبَا,154,130,111,99,130,110,71,74,63,41,52,34,18,33,0,156,133,125,110,137,106,76,65,58,53,36,29,27,46,0
2017,Jenin,جنين,رُمَّانَة,231,193,191,175,165,172,148,110,97,71,78,57,44,59,0,244,212,164,168,187,157,133,95,76,72,66,76,46,79,0
2017,Jenin,جنين,تِعِنِّك,83,69,60,73,61,52,44,31,35,22,30,24,12,32,0,92,73,71,54,61,63,34,33,40,31,27,24,16,26,0
2017,Jenin,جنين,الطَيْبَة,163,125,97,104,99,113,82,75,71,35,38,35,22,47,7,140,132,114,92,102,92,67,62,48,40,40,31,34,60,5
2017,Jenin,جنين,عَرَبُّونَة,66,69,48,61,41,34,35,33,35,23,19,12,10,26,0,50,56,67,48,47,35,38,33,22,25,19,16,9,28,0
2017,Jenin,جنين,الجَلَمَة,118,131,132,118,134,87,61,49,61,62,69,41,20,38,0,100,132,124,124,113,81,66,66,75,57,54,31,28,52,0
2017,Jenin,جنين,سيلَةْ الحارِثِيَّة,797,679,637,614,621,547,358,326,312,245,211,187,95,179,0,766,638,612,607,565,452,354,295,290,224,178,148,115,174,0
2017,Jenin,جنين,السَعايِدَة,6,5,4,1,7,7,2,2,2,2,1,0,1,3,0,2,3,4,6,5,5,2,2,3,2,1,2,0,5,0
2017,Jenin,جنين,عَانِين,244,249,221,270,283,220,137,118,120,97,71,63,41,68,0,244,219,192,252,197,165,108,123,116,94,68,54,45,55,0
2017,Jenin,جنين,عَرَّانَة,163,145,107,125,135,120,79,70,66,45,50,41,27,50,0,160,130,125,125,131,105,60,71,52,47,38,35,27,42,0
2017,Jenin,جنين,دِير غَزالَة,75,64,76,62,46,44,25,33,35,30,27,18,10,23,0,56,69,57,68,56,31,32,39,38,23,19,13,8,30,0
2017,Jenin,جنين,فَقُّوعَة,290,257,235,218,225,186,144,137,122,117,96,64,53,68,0,250,228,213,219,225,187,148,124,126,97,74,68,53,100,0
2017,Jenin,جنين,خِرْبَة سُرُوج,4,1,2,2,2,0,3,1,0,1,1,1,0,0,0,3,1,3,2,1,0,1,1,1,1,0,2,0,0,0
2017,Jenin,جنين,اليَامُون,1461,1367,1084,1081,1120,995,721,602,502,425,368,297,158,246,0,1455,1184,1110,1069,1058,856,653,506,505,402,371,281,169,323,0
2017,Jenin,جنين,أُمُّ الرِيحَان,44,24,23,18,28,25,22,14,13,7,4,7,6,7,0,25,15,16,23,22,21,21,11,13,9,7,2,5,6,0
2017,Jenin,جنين,كَفْر دان,448,384,371,386,344,259,216,202,168,164,147,82,55,101,0,409,352,371,330,314,269,212,205,186,123,111,87,58,109,0
2017,Jenin,جنين,خِرْبِة عَبْدَ الله اليونِس,14,9,5,5,7,8,9,6,4,0,4,3,3,7,6,10,8,4,5,6,9,5,3,3,3,3,2,3,4,6
2017,Jenin,جنين,مَشْروع بِيت قاد (الشَمَالي),27,23,18,20,25,13,11,18,7,11,8,10,5,8,0,28,30,20,19,19,14,18,10,10,10,9,8,4,16,0
2017,Jenin,جنين,ظَهْر المَالِح,12,12,8,8,7,12,9,9,5,3,0,3,3,3,0,16,10,14,5,6,14,8,2,7,2,1,4,4,4,0
2017,Jenin,جنين,بَرْطَعَة الشَرْقِيَّة,294,315,264,258,215,194,186,146,129,97,65,58,56,64,78,356,284,237,227,215,151,145,137,114,79,77,69,44,72,73
2017,Jenin,جنين,العَرَقَة,205,161,175,152,149,120,89,91,63,64,49,30,14,23,0,200,151,126,162,118,92,77,64,67,58,32,22,20,41,0
2017,Jenin,جنين,الجَمِيلات,3,1,5,2,3,0,3,2,0,1,1,0,0,1,0,6,3,0,3,3,5,1,2,1,1,1,0,1,1,0
2017,Jenin,جنين,بِيت قاد (الجَنُوبي),100,89,75,95,86,66,49,41,45,37,23,21,13,28,0,90,80,77,82,84,60,49,51,44,33,23,17,16,34,0
2017,Jenin,جنين,طورة الغَرْبِيَّة,62,48,58,69,55,37,39,31,40,20,29,15,11,25,0,50,57,48,55,36,37,36,32,36,23,21,21,14,27,0
2017,Jenin,جنين,طورَة الشَرْقِيَّة,15,12,14,12,7,8,10,5,9,6,2,3,1,7,0,17,14,17,7,10,9,8,10,7,4,5,2,2,5,0
2017,Jenin,جنين,الهاشِمِيَّة,90,75,58,75,79,67,33,37,36,26,33,17,15,16,0,60,65,86,78,61,47,30,38,37,33,27,22,15,24,0
2017,Jenin,جنين,نَزْلَة الشَيْخ زَيْد,55,40,57,42,54,47,31,22,19,19,12,16,7,13,0,52,39,45,42,40,35,26,21,23,18,17,9,10,16,0
2017,Jenin,جنين,الطَرِم,23,26,28,18,23,25,26,25,11,10,7,11,3,13,0,30,24,30,27,17,23,20,11,16,8,7,11,5,8,0
2017,Jenin,جنين,خِرْبِة المُنْطَار الغَرْبيِّة,2,1,1,2,1,2,1,0,1,1,0,1,1,0,0,1,4,3,3,3,2,1,1,0,1,2,1,0,1,0
2017,Jenin,جنين,جِنين,3071,2784,2737,2632,2605,2084,1676,1406,1272,1237,1136,777,469,829,4,2838,2678,2637,2549,2510,2045,1640,1464,1354,1109,986,760,499,1030,3
2017,Jenin,جنين,مُخَيَّم جِنين,599,583,618,580,567,444,289,285,291,228,224,127,75,164,3,572,605,579,544,505,385,320,310,307,276,223,129,109,272,1
2017,Jenin,جنين,جَلْبُون,165,168,148,138,144,128,78,87,101,66,59,44,30,63,0,149,130,110,143,112,106,94,99,98,86,37,45,42,88,0
2017,Jenin,جنين,عابا (الغَرْبيِّة),20,23,24,19,15,7,12,9,8,8,8,3,1,5,0,21,15,16,22,14,15,9,8,11,7,6,4,2,7,0
2017,Jenin,جنين,خِرْبِة المُنْطَار الشَرْقيِّة,3,4,1,0,0,0,1,2,1,0,0,0,1,1,0,5,2,2,0,1,2,0,1,1,1,0,1,0,2,0
2017,Jenin,جنين,كَفْر قُود,105,87,79,73,90,60,46,51,40,34,34,22,14,17,0,81,93,101,107,75,61,50,40,44,27,32,20,11,29,0
2017,Jenin,جنين,دِير ابو ضَعيف,449,428,421,387,391,300,210,178,174,154,123,92,43,111,0,503,376,420,412,362,245,184,184,184,153,119,94,63,148,0
2017,Jenin,جنين,بِرْقين,427,376,401,359,342,349,220,201,209,156,155,111,70,141,0,396,419,363,357,354,267,272,191,181,172,135,118,71,174,0
2017,Jenin,جنين,أُمُّ دار,52,26,38,36,39,35,19,24,14,17,12,8,6,6,0,42,31,50,31,31,25,15,16,14,24,10,3,9,8,0
2017,Jenin,جنين,الخُلْجان,39,32,32,46,22,27,18,19,17,20,12,4,2,6,0,51,41,29,32,29,22,22,21,20,14,6,8,4,9,0
2017,Jenin,جنين,وادي الضَبِع (عابا الشَرْقيِّة),23,32,37,39,36,19,19,9,16,19,13,6,4,8,0,30,41,36,36,32,16,13,16,21,14,9,5,2,9,0
2017,Jenin,جنين,ظَهْر العَبْد,49,41,33,25,15,26,15,18,11,6,5,7,3,6,0,36,23,23,11,21,21,14,13,8,6,4,6,4,8,0
2017,Jenin,جنين,زَبْدَة,77,101,72,74,59,28,50,44,33,25,21,9,13,23,0,88,73,73,68,52,47,36,27,40,27,17,18,8,24,0
2017,Jenin,جنين,يَعْبَدْ,976,837,896,770,827,664,526,486,462,350,313,286,182,293,0,937,869,867,818,743,646,539,449,402,369,333,279,170,411,0
2017,Jenin,جنين,كُفَيْرِتْ,210,203,160,168,188,134,109,91,84,58,69,30,27,50,0,198,151,140,176,143,124,98,81,90,67,42,35,26,56,0
2017,Jenin,جنين,إمريحة,10,25,16,20,18,11,12,9,5,9,4,3,5,8,0,15,19,14,27,15,14,13,9,7,8,7,4,3,13,0
2017,Jenin,جنين,فراسين,2,1,1,1,0,1,0,1,2,1,0,0,1,1,0,1,1,2,1,2,0,1,0,1,0,1,0,1,3,0
2017,Jenin,جنين,خربة الحمام,2,0,2,2,0,0,0,0,2,1,0,0,0,0,0,1,1,3,1,1,0,0,1,1,1,0,0,0,1,0
2017,Jenin,جنين,أمُّ التوت,83,72,70,76,68,40,36,25,28,27,25,11,8,26,0,87,65,67,74,59,37,31,29,29,31,20,15,7,25,0
2017,Jenin,جنين,الشُهَداء (مثلث الشُهَداء),176,135,128,115,118,78,90,56,68,53,41,30,20,41,5,137,140,108,111,100,94,92,67,58,44,36,31,24,53,5
2017,Jenin,جنين,جَلْقَمُوس,189,157,166,137,148,97,86,69,69,59,40,24,25,30,0,183,175,140,149,116,122,79,69,70,53,40,27,21,33,0
2017,Jenin,جنين,المُغيِّر,246,228,192,181,157,149,114,92,75,58,44,28,27,35,0,230,227,189,161,162,131,99,87,71,64,36,33,27,43,0
2017,Jenin,جنين,المُطِلَّة,14,13,22,14,19,11,13,5,13,4,6,10,2,10,0,15,14,11,20,14,7,12,9,7,14,15,7,4,9,0
2017,Jenin,جنين,بِير البَاشَا,155,118,110,83,86,82,63,44,33,29,23,24,12,23,0,120,125,84,76,77,75,60,41,37,29,21,20,13,28,0
2017,Jenin,جنين,تنين ,5,1,2,9,13,3,1,2,0,1,0,0,0,1,0,5,2,2,48,57,3,1,0,1,0,1,1,2,0,0
2017,Jenin,جنين,الحَفِيرَة (حَفِيرَة عَرَّابَة),5,10,7,4,2,1,5,4,5,1,1,0,0,2,0,3,6,7,2,3,3,5,1,4,1,0,0,1,3,0
2017,Jenin,جنين,قَباطْيَة,1536,1441,1406,1281,1235,1035,846,705,667,556,486,354,239,352,0,1554,1400,1319,1320,1127,970,796,692,625,504,439,356,248,474,0
2017,Jenin,جنين,الضَمايْرَة,11,16,15,12,17,5,7,8,4,6,7,2,4,4,0,16,17,13,8,9,11,7,5,11,8,2,5,5,7,0
2017,Jenin,جنين,عَرَّابَة,672,636,611,655,619,461,379,288,304,270,266,222,89,217,0,610,564,615,627,594,474,335,323,341,267,242,159,102,313,0
2017,Jenin,جنين,تِلْفِيت,18,14,9,11,18,4,4,8,5,6,5,1,0,5,0,10,13,11,106,147,7,9,3,1,4,4,1,1,5,0
2017,Jenin,جنين,مِرْكَة,188,119,123,92,112,109,72,82,58,39,31,20,17,36,0,168,132,128,102,119,85,77,55,56,34,23,28,15,40,0
2017,Jenin,جنين,وادي دْعُوق,16,12,8,9,9,6,6,1,7,4,1,2,0,4,0,12,12,13,10,11,3,7,3,2,3,1,3,1,1,0
2017,Jenin,جنين,فَحْمَة الجَدِيدَة,31,38,33,18,17,14,10,17,5,4,4,5,1,3,0,29,28,27,17,17,16,10,12,6,4,4,5,0,5,0
2017,Jenin,جنين,رَابا,238,237,218,236,236,171,94,105,92,101,81,48,25,63,0,202,217,221,207,191,145,126,116,107,98,71,49,32,112,0
2017,Jenin,جنين,المَنْصورَة,22,16,13,8,8,6,10,8,7,2,7,0,2,2,0,12,19,14,7,10,6,9,10,7,4,2,3,1,3,0
2017,Jenin,جنين,مِسِلْيَة,168,150,174,165,154,113,86,69,89,80,70,48,23,49,0,158,155,177,159,132,108,82,90,88,76,43,28,26,68,0
2017,Jenin,جنين,الجَرْبا,4,5,2,2,3,4,3,1,0,2,2,0,1,3,0,2,2,3,5,1,4,0,2,2,1,0,2,2,4,0
2017,Jenin,جنين,الزَبابِدَة,235,252,195,214,186,181,150,154,131,107,93,78,50,103,0,239,227,189,199,178,168,140,125,108,105,79,84,64,144,0
2017,Jenin,جنين,فَحْمَة,221,199,167,199,175,122,110,85,97,76,55,41,19,43,0,210,188,179,181,141,117,102,74,80,69,60,38,27,56,0
2017,Jenin,جنين,الزاوِيَة,69,48,62,58,63,54,38,27,22,20,26,8,2,9,0,78,66,57,55,52,49,24,20,22,17,12,6,8,14,0
2017,Jenin,جنين,كَفْر رَاعي,456,506,452,477,460,367,245,247,227,224,197,143,76,141,0,437,450,439,459,442,315,251,237,221,206,159,144,86,242,0
2017,Jenin,جنين,الكُفَيْر,2,6,5,5,4,0,1,1,0,3,3,1,1,1,0,0,1,4,1,0,1,1,1,5,2,1,0,2,4,0
2017,Jenin,جنين,صِير,47,45,40,50,43,43,22,24,24,19,22,13,14,18,0,44,32,43,51,50,37,27,27,22,17,22,11,13,20,0
2017,Jenin,جنين,عَجِّة,378,401,318,347,366,255,194,175,168,135,112,77,49,93,0,369,400,330,282,349,258,181,153,149,147,93,75,60,128,0
2017,Jenin,جنين,عَنْزَة,98,103,125,107,106,56,46,42,52,57,51,32,26,49,0,74,99,120,97,86,51,56,55,72,53,40,36,29,82,0
2017,Jenin,جنين,صانور,338,298,250,279,283,224,166,138,126,121,102,83,49,73,0,308,283,262,248,230,201,160,124,137,101,116,74,55,109,0
2017,Jenin,جنين,الرامَة,80,74,69,64,62,47,39,40,36,29,19,16,10,20,0,65,79,76,73,45,48,33,35,34,22,25,16,11,31,0
2017,Jenin,جنين,مَيْثَلون,519,467,467,459,415,417,265,213,235,205,168,129,100,159,0,484,439,410,421,413,309,250,216,237,179,159,120,87,217,0
2017,Jenin,جنين,الجُدَيِّدَة,414,390,341,314,306,259,192,149,162,125,115,98,51,94,0,353,361,321,318,270,215,168,169,147,125,130,61,51,135,0
2017,Jenin,جنين,العَصاعْصَة,33,36,30,33,32,22,24,16,15,8,7,9,2,4,0,40,38,26,30,33,27,19,17,14,11,14,6,4,10,0
2017,Jenin,جنين,العطَّارَة,89,67,81,68,74,54,23,39,32,28,30,14,11,20,0,80,72,64,74,67,43,22,39,38,26,12,15,12,26,0
2017,Jenin,جنين,سِيرِيس,447,347,303,336,333,292,215,164,162,115,117,91,49,97,0,380,347,321,311,299,260,164,149,142,114,104,75,64,105,0
2017,Jenin,جنين,جَبَعْ,633,577,568,636,609,494,343,249,295,239,222,147,96,157,0,611,515,525,545,576,419,288,267,276,253,208,152,91,219,0
2017,Jenin,جنين,الفَنْدَقُومِيَّة,264,236,265,213,226,194,144,102,122,110,91,59,38,61,0,268,250,211,215,210,188,131,121,100,97,89,63,39,75,0
2017,Jenin,جنين,سيلَة الظَهْر,551,438,403,443,433,335,215,182,192,164,145,104,60,85,0,529,431,405,393,388,267,194,182,178,133,124,99,51,138,0
2017,Jerusalem,القدس,القدس,17923,17812,16100,15283,13979,10870,8737,8935,8171,7260,6171,4321,3205,6035,0,16963,16853,14568,14240,13903,11073,9308,9295,7720,5990,5092,3388,2778,5190,0
2017,Jerusalem,القدس,رَافَات,159,167,156,141,144,102,101,78,74,72,56,45,22,45,46,174,155,159,143,115,130,85,71,87,62,47,31,27,47,38
2017,Jerusalem,القدس,مِخْمَاس,55,68,71,71,52,49,29,24,31,28,23,15,17,48,0,48,72,84,63,60,52,41,37,45,34,41,24,19,87,0
2017,Jerusalem,القدس,مُخَيَّمْ قَلَنْدِيَا,428,408,432,411,458,352,252,215,209,171,147,93,62,101,276,436,404,417,407,382,300,233,233,198,185,127,99,64,144,232
2017,Jerusalem,القدس,قَلَنْدِيَا,29,26,29,32,21,18,17,8,11,13,11,8,5,10,48,18,20,31,25,23,16,10,11,16,10,12,7,7,19,29
2017,Jerusalem,القدس,بِيت دُقُّو,83,96,93,88,94,58,52,46,35,45,29,35,21,35,40,82,72,86,90,77,70,50,47,49,39,34,33,14,34,30
2017,Jerusalem,القدس,جَبَعْ,297,240,216,213,188,148,136,101,103,71,43,25,27,41,62,254,240,212,201,161,138,115,102,89,60,50,32,28,58,54
2017,Jerusalem,القدس,الجُدَيْرَة,167,153,145,137,128,76,65,71,84,39,38,25,20,33,57,151,154,156,141,106,83,82,88,64,38,40,30,18,43,57
2017,Jerusalem,القدس,الرَام وضَاحِيَة البَريد,626,613,536,497,424,403,301,302,253,195,169,132,94,185,2235,612,505,488,439,462,399,323,251,240,204,197,123,99,184,773
2017,Jerusalem,القدس,بِيت عَنَان,242,256,185,210,193,179,152,135,115,96,84,55,43,58,15,235,198,217,202,193,172,130,138,95,93,84,68,46,87,2
2017,Jerusalem,القدس,الجِيْب,239,246,214,230,185,155,118,113,102,81,69,44,30,53,87,226,235,234,229,179,134,125,107,97,87,59,58,31,79,57
2017,Jerusalem,القدس,بِير نَبَالا,306,328,276,217,204,152,179,158,111,91,85,60,29,56,109,326,253,260,234,206,205,158,151,94,109,81,54,30,78,47
2017,Jerusalem,القدس,بِيت إجْزَا,50,52,50,49,50,39,26,14,25,20,15,7,4,11,7,65,38,45,45,41,28,23,20,26,15,16,5,8,12,1
2017,Jerusalem,القدس,القُبَيْبَة,230,230,199,200,199,170,112,119,96,73,59,58,36,50,42,223,205,194,201,167,165,124,102,79,74,73,60,33,89,0
2017,Jerusalem,القدس,خَرائِب أمُّ اللَحْمْ,27,19,17,21,31,21,11,9,6,5,7,6,1,3,0,30,24,27,34,21,10,9,6,9,5,9,3,3,5,0
2017,Jerusalem,القدس,بِدُّو,537,490,439,458,417,356,292,243,228,173,124,87,60,94,27,493,469,409,414,379,318,251,231,207,156,113,105,64,116,27
2017,Jerusalem,القدس,النَبِي صَمُوئيل,17,7,14,7,10,10,9,7,4,2,3,3,1,9,7,14,11,11,12,15,10,7,5,4,4,5,2,3,5,3
2017,Jerusalem,القدس,حِزْما,425,386,368,334,336,287,245,212,182,122,110,64,63,96,192,370,347,364,329,345,291,222,193,176,136,95,84,65,123,164
2017,Jerusalem,القدس,بِيت حَنِينَا البَلَد,80,66,74,54,51,45,31,21,31,13,21,11,14,14,6,56,80,50,49,62,42,40,22,21,16,26,11,14,22,3
2017,Jerusalem,القدس,قَطَنَّة,477,373,365,399,404,327,230,178,145,137,126,82,63,64,58,481,340,343,362,351,265,178,172,154,150,102,105,67,98,0
2017,Jerusalem,القدس,بِيت سُورِيك,258,228,188,215,210,191,151,131,100,75,64,46,31,46,2,248,212,198,205,228,158,140,104,87,77,61,45,47,57,0
2017,Jerusalem,القدس,بِيت إكْسَا,84,81,114,102,94,66,47,35,37,53,41,23,13,30,29,80,91,104,91,91,47,55,62,42,37,33,23,17,42,11
2017,Jerusalem,القدس,عَناتَا,777,691,690,623,549,433,320,304,298,230,186,126,95,138,1907,708,701,630,625,514,426,344,318,297,218,186,137,95,164,379
2017,Jerusalem,القدس,الكَعابِنَة (تَجَمُّع بَدَوي),77,72,56,50,44,25,21,18,9,15,16,6,4,9,0,49,70,58,46,29,29,24,18,14,18,14,7,1,12,0
2017,Jerusalem,القدس,الزْعَيِّمْ,35,19,18,28,17,15,13,10,12,11,8,6,3,5,2953,27,19,19,20,23,19,12,8,13,8,5,2,3,4,2589
2017,Jerusalem,القدس,العِيْزَرِيَّة,609,633,555,504,484,442,330,337,253,225,187,161,100,178,3596,631,623,566,558,495,427,337,289,237,224,205,150,100,211,2778
2017,Jerusalem,القدس,ابو دِيس,507,562,473,443,403,318,317,259,251,216,157,146,110,192,565,515,491,467,409,366,361,289,270,245,202,166,143,104,188,416
2017,Jerusalem,القدس,عرب الجَهَالين (سلامات),167,134,133,105,76,71,42,48,26,36,13,11,8,14,23,147,127,119,83,81,72,51,45,36,30,13,11,15,16,1
2017,Jerusalem,القدس,السَواحِرَة الشَرْقِيَّة,368,315,309,272,252,239,158,149,158,119,88,73,47,106,335,351,333,247,294,270,204,157,151,141,133,106,60,50,110,267
2017,Jerusalem,القدس,الشَيْخ سَعْد,86,93,68,77,71,56,63,40,49,32,26,22,20,40,589,83,73,82,87,63,67,54,41,35,44,38,33,19,46,526
2017,Nablus,نابلس,بَزُّارْيَة,204,167,156,170,158,156,89,63,72,60,46,49,22,39,0,181,156,179,162,140,106,84,70,63,48,48,31,23,48,0
2017,Nablus,نابلس,بُرْقَة,226,219,233,243,234,203,119,94,93,118,123,86,58,64,0,195,247,213,225,197,156,116,106,127,109,98,63,36,145,0
2017,Nablus,نابلس,ياصِيد,187,155,119,122,141,122,85,68,65,57,53,45,30,40,0,147,137,129,98,129,129,75,59,53,50,55,45,31,75,0
2017,Nablus,نابلس,بِيت إِمرِين,207,173,159,185,209,146,91,80,100,90,73,58,35,59,0,174,183,191,191,172,134,91,94,91,78,68,65,29,92,0
2017,Nablus,نابلس,نِصْف جُبَيْل,24,32,24,27,20,32,10,16,7,4,15,7,7,16,0,30,32,19,20,21,24,12,9,9,9,16,10,5,13,0
2017,Nablus,نابلس,سَبَسْطِية,176,199,136,172,177,154,91,76,81,101,66,58,35,68,0,189,179,183,154,127,131,117,86,84,70,70,51,33,136,0
2017,Nablus,نابلس,إجْنِسِنْيَا,20,23,35,21,36,24,18,18,15,14,19,12,5,15,0,35,30,24,34,33,27,18,23,14,16,13,12,6,24,0
2017,Nablus,نابلس,طَلُّوزة,162,166,151,150,146,116,94,87,65,60,65,45,26,46,0,195,169,152,147,153,113,82,84,64,64,57,40,34,58,0
2017,Nablus,نابلس,الناقُورَة,96,100,94,130,106,75,40,46,53,51,38,25,16,48,0,87,83,94,95,90,62,59,54,56,37,43,27,18,60,0
2017,Nablus,نابلس,البَاذَان,219,170,175,159,165,159,98,103,93,72,64,49,35,67,0,172,163,168,164,177,137,89,83,85,73,65,65,28,69,0
2017,Nablus,نابلس,دِير شَرَفْ,187,185,150,162,149,127,106,78,94,68,61,46,21,59,0,186,151,140,138,126,135,95,94,75,73,53,60,37,89,0
2017,Nablus,نابلس,عَصيرَة الشماليَّة,499,466,468,494,482,414,243,219,244,226,242,210,92,182,2,432,447,491,478,419,327,262,225,270,230,203,156,101,273,3
2017,Nablus,نابلس,النَصَّارِيَّة,123,136,130,122,108,65,51,38,54,37,41,24,16,21,0,135,119,111,116,97,64,49,41,51,40,35,15,13,34,0
2017,Nablus,نابلس,زَوَاتا,186,130,137,111,125,126,86,89,67,57,59,38,25,48,0,144,141,116,146,127,116,90,72,57,67,45,36,29,63,0
2017,Nablus,نابلس,العَقْرَبانِيَّة,67,62,53,49,35,31,35,29,21,16,15,14,3,17,0,76,76,50,48,45,47,41,17,19,21,12,9,12,18,0
2017,Nablus,نابلس,قُوصِين,152,143,140,135,126,89,78,59,62,45,48,30,20,29,5,129,132,118,131,110,85,84,67,54,45,38,27,24,40,3
2017,Nablus,نابلس,بِيت إيبَا,232,195,231,196,219,179,135,96,134,115,96,81,49,108,2,193,216,203,199,224,144,152,129,109,106,102,69,46,112,1
2017,Nablus,نابلس,بِيت حَسَن,107,115,93,89,87,71,43,44,42,43,27,19,13,25,0,96,116,89,63,84,64,42,38,41,45,30,25,13,33,0
2017,Nablus,نابلس,بِيت وَزَنْ,68,71,64,73,73,67,59,25,32,32,26,38,11,26,0,61,59,54,69,69,60,42,41,35,22,51,30,17,35,0
2017,Nablus,نابلس,مُخَيَّمْ عِيْن بِيت الماء,219,185,194,201,231,186,109,83,100,100,91,56,28,53,0,200,189,183,209,187,136,70,92,103,100,97,50,34,97,0
2017,Nablus,نابلس,عِيْن شِبْلِي,23,25,21,21,14,8,8,8,9,9,1,3,1,4,0,26,26,16,16,16,8,9,12,8,4,4,4,1,8,0
2017,Nablus,نابلس,عَزْمُوط,238,233,194,170,145,155,124,93,90,76,72,42,30,51,0,216,201,178,154,173,169,116,115,92,86,73,47,27,75,0
2017,Nablus,نابلس,نابْلُس,8828,8931,8545,8464,7852,6384,4762,4621,4256,3996,3893,2946,1786,3337,95,8317,8530,8099,8070,7536,6344,5188,4863,4524,3917,3720,2632,1700,3928,92
2017,Nablus,نابلس,مُخَيَّمْ عَسْكَر (القديم),402,409,360,356,323,298,189,174,164,169,123,81,56,110,0,380,397,415,380,313,257,199,193,187,143,146,97,71,136,0
2017,Nablus,نابلس,مُخَيَّمْ عَسْكَر (الجديد),337,264,306,257,236,234,158,122,127,110,106,67,30,74,0,292,265,266,231,267,198,137,141,119,116,83,86,45,86,0
2017,Nablus,نابلس,دِير الحَطَب,191,152,129,152,166,155,86,77,72,76,40,46,24,47,0,175,143,159,147,159,129,116,74,73,68,52,45,34,47,0
2017,Nablus,نابلس,صَرَّة,235,212,167,176,175,152,119,104,86,80,66,47,31,50,4,224,200,172,178,176,143,109,89,100,72,58,46,28,73,7
2017,Nablus,نابلس,سالِم,416,359,379,322,336,269,204,177,182,149,114,81,47,75,0,388,366,364,316,308,286,214,175,180,147,141,85,62,115,0
2017,Nablus,نابلس,مُخَيَّم بَلاطَة,952,942,763,794,739,636,455,389,376,343,267,207,124,235,6,897,916,882,799,705,584,455,402,365,356,329,217,141,328,10
2017,Nablus,نابلس,عِرَاق بُورِين,63,61,45,64,57,52,37,21,28,25,17,14,14,21,0,66,66,46,47,46,49,28,31,29,22,21,11,9,17,0
2017,Nablus,نابلس,تِلّ,311,304,296,270,307,258,167,143,123,116,97,104,56,89,3,283,294,277,302,243,227,161,130,138,117,92,83,60,101,3
2017,Nablus,نابلس,بِيت دَجَن,315,248,207,175,246,223,180,153,124,112,83,66,55,75,0,252,244,209,207,199,221,154,144,121,114,100,74,61,92,0
2017,Nablus,نابلس,رُوجِيب,399,384,365,312,292,234,187,186,205,161,112,61,46,88,0,370,381,334,317,292,234,211,190,155,135,97,69,47,92,0
2017,Nablus,نابلس,كَفْر قَلِّيل,216,211,173,146,149,137,108,105,85,60,47,36,30,32,0,185,184,164,151,158,134,116,84,66,63,51,50,27,57,0
2017,Nablus,نابلس,فُرُوش بِيت دَجَن,40,49,42,53,31,34,15,19,20,14,10,7,9,19,0,40,39,47,37,41,22,16,19,28,23,13,10,9,16,0
2017,Nablus,نابلس,مَادَما,134,129,115,121,99,87,60,67,63,66,35,28,16,34,0,132,121,124,110,100,87,71,71,59,48,24,25,21,42,0
2017,Nablus,نابلس,بُورِين,191,187,155,148,140,111,95,59,78,64,71,44,27,43,0,160,183,163,172,146,123,82,76,75,57,72,33,25,60,0
2017,Nablus,نابلس,بِيت فُورِيك,987,841,703,636,656,613,492,445,424,317,234,174,138,195,6,908,844,755,695,652,560,419,390,353,269,225,175,120,222,10
2017,Nablus,نابلس,عَصِيرَة القِبْلِيَّة,216,177,159,157,178,158,95,66,71,66,64,35,33,33,0,191,145,174,171,177,125,71,75,71,59,57,40,18,49,0
2017,Nablus,نابلس,عَوَرْتا,486,473,440,350,352,332,225,229,211,162,130,76,71,88,0,440,485,381,350,350,304,236,199,159,115,121,111,55,113,0
2017,Nablus,نابلس,عُورِيف,274,229,228,233,190,193,113,77,90,77,70,46,32,38,0,255,214,225,209,178,150,97,76,77,84,55,34,23,52,0
2017,Nablus,نابلس,خِرْبِة طَانَا,0,0,0,2,2,2,0,0,1,0,0,1,0,0,0,2,0,2,0,1,0,0,2,0,0,1,0,0,0,0
2017,Nablus,نابلس,أُودَلاَ,109,95,88,85,86,75,57,44,38,38,25,23,10,22,0,111,86,92,89,97,62,43,42,45,27,22,17,13,23,0
2017,Nablus,نابلس,حُوَّارَة,441,417,402,355,378,308,183,158,170,177,130,100,67,97,0,396,383,383,360,339,264,201,164,181,139,154,92,66,145,0
2017,Nablus,نابلس,عَيْنَبُوس,205,203,190,177,145,122,96,86,85,63,42,38,28,43,0,194,167,168,184,120,115,78,79,69,41,44,28,34,43,0
2017,Nablus,نابلس,يَانُون,3,2,7,7,9,2,1,1,1,4,2,2,2,3,0,5,3,5,8,4,3,1,2,4,0,4,2,1,4,0
2017,Nablus,نابلس,بِيتَا,841,754,755,673,665,514,385,311,318,281,212,137,97,136,0,817,717,718,611,520,454,348,296,283,214,172,140,102,194,0
2017,Nablus,نابلس,زَيْتَا جَمَّاعِين,183,163,184,158,174,118,82,71,79,62,50,38,18,35,0,196,168,149,132,153,112,81,63,55,61,35,36,30,50,0
2017,Nablus,نابلس,جَمَّاعِين,502,431,467,491,407,269,226,177,198,179,132,96,68,124,0,462,419,456,460,335,290,211,209,191,165,124,80,63,193,0
2017,Nablus,نابلس,أُوصَرِين,144,135,107,104,131,93,78,59,48,45,53,24,18,16,0,149,126,106,105,101,101,61,48,52,46,34,28,12,26,0
2017,Nablus,نابلس,عَقْرَبَا,704,594,635,627,624,516,328,219,231,234,182,133,86,108,0,691,590,569,561,536,383,249,242,218,196,168,116,96,174,0
2017,Nablus,نابلس,زَعْتَرَة,5,4,5,3,2,0,2,3,2,0,2,0,0,2,0,1,8,6,2,0,4,2,3,2,1,0,2,0,2,0
2017,Nablus,نابلس,الطويَّل وتَل الخَشَبَة,7,10,9,8,8,3,1,1,5,2,2,2,0,2,0,5,7,6,9,2,1,1,4,5,3,2,1,1,0,0
2017,Nablus,نابلس,يِتْمَا,200,209,209,174,184,153,97,100,92,98,50,43,35,50,0,201,221,190,183,152,139,117,87,89,84,60,41,35,65,0
2017,Nablus,نابلس,قَبَلان,611,425,480,473,516,428,263,198,206,186,175,119,69,118,0,504,444,454,449,456,334,229,180,212,177,146,106,84,141,0
2017,Nablus,نابلس,جُورِيش,93,98,100,98,101,73,36,43,47,45,31,12,8,25,0,90,83,100,83,72,57,40,44,45,36,17,17,17,28,0
2017,Nablus,نابلس,قُصْرة,401,327,300,326,353,267,189,136,118,104,73,69,44,52,0,404,308,315,284,312,260,161,123,116,95,86,57,45,85,0
2017,Nablus,نابلس,تَلْفِيت,232,205,208,211,198,180,113,77,87,86,62,47,22,52,0,236,214,224,182,208,162,97,86,107,69,75,46,26,74,0
2017,Nablus,نابلس,السَاوِيَة,158,172,187,153,156,132,81,66,69,67,68,40,27,39,0,159,147,165,155,154,108,70,73,60,58,47,44,32,70,0
2017,Nablus,نابلس,مَجْدَلْ بَني فاضِل,192,183,198,178,172,130,93,61,81,64,37,33,20,38,0,222,170,186,182,132,116,76,68,69,60,41,27,24,50,0
2017,Nablus,نابلس,أللُبَّنْ الشَرْقِيَّة,186,176,162,176,159,104,78,62,58,57,43,36,29,36,0,148,149,170,142,131,99,81,62,70,59,43,41,22,57,0
2017,Nablus,نابلس,قَرْيُوت,150,178,180,155,126,99,65,58,81,64,53,26,24,47,0,140,162,164,137,114,87,80,75,67,54,47,29,32,62,0
2017,Nablus,نابلس,جَالُود,56,58,42,44,33,31,22,23,21,14,13,11,7,10,0,46,45,45,33,42,25,33,14,18,14,16,7,6,13,0
2017,Nablus,نابلس,عَمُّورْيَة,19,22,23,30,21,16,10,6,6,14,4,8,3,3,0,20,22,25,24,22,12,6,9,12,6,6,6,3,12,0
2017,Nablus,نابلس,دُوْمَا,220,165,149,126,143,115,96,89,64,43,47,25,20,31,0,200,177,144,132,147,118,85,67,60,51,37,30,32,57,0
2017,Nablus,نابلس,خِرْبِة صَرَّة,1,3,0,2,2,3,2,0,0,0,1,1,0,1,0,2,0,1,0,0,3,1,0,0,0,1,0,2,1,0
2017,Gaza,غزة,مُخَيَّم الشَاطِىء,2817,2830,2513,2239,2415,1995,1289,966,868,697,773,543,297,443,0,2665,2632,2443,2130,2226,1818,1257,1029,860,729,651,491,286,644,0
2017,Gaza,غزة,غزّة,43964,43040,36883,30596,30585,25958,18651,15194,12527,9697,8975,6403,4561,7557,263,41818,40926,34733,29084,29747,25521,18656,15200,12537,9275,8082,5996,4551,8428,73
2017,Gaza,غزة,مدينة الزهراء,306,359,407,298,251,163,135,134,167,142,115,72,46,79,0,309,327,368,293,235,189,177,188,153,130,88,53,40,89,0
2017,Gaza,غزة,المُغْراقَه ,948,829,756,644,597,535,315,229,257,193,166,106,75,131,0,858,817,653,644,597,487,355,292,240,185,163,108,71,154,0
2017,Gaza,غزة,جُحْر الدِيك,331,345,277,228,224,197,141,114,94,81,66,41,48,61,0,350,297,282,226,265,207,152,112,111,78,73,64,32,68,0
2017,Jericho and Al Aghwar,أريحا والأغوار,مَرْج نَعْجَة,65,54,47,42,36,34,29,22,25,20,12,14,7,7,0,56,56,52,44,38,44,16,17,23,17,22,10,4,15,0
2017,Jericho and Al Aghwar,أريحا والأغوار,الزُبَيْدات,123,108,115,108,112,75,56,43,35,34,24,12,7,21,0,120,101,86,118,83,62,51,42,32,37,24,18,12,20,0
2017,Jericho and Al Aghwar,أريحا والأغوار,مَرْج الغَزال,14,15,18,12,11,12,6,8,5,4,2,1,3,5,4,22,13,13,18,12,7,7,6,7,6,3,3,1,4,1
2017,Jericho and Al Aghwar,أريحا والأغوار,الجِفْتْلِك,229,230,213,169,181,122,75,77,65,54,45,47,23,34,31,220,171,191,174,153,110,84,77,78,60,50,41,25,48,23
2017,Jericho and Al Aghwar,أريحا والأغوار,فَصَايِل,169,118,100,88,84,68,57,33,27,22,18,14,14,11,0,138,122,119,110,74,54,47,34,33,25,22,16,10,10,0
2017,Jericho and Al Aghwar,أريحا والأغوار,العوجَا,400,358,327,273,247,200,159,136,116,103,71,75,43,55,47,390,377,293,276,270,218,154,125,132,102,69,67,35,69,37
2017,Jericho and Al Aghwar,أريحا والأغوار,النُوَيْعِمَة,110,110,111,70,85,68,46,51,39,39,18,24,12,20,70,103,106,79,86,87,85,76,45,45,36,39,21,13,27,73
2017,Jericho and Al Aghwar,أريحا والأغوار,عِيْن الدْيوك الفُوقا,69,47,46,48,51,40,17,19,17,21,11,12,10,13,20,53,46,40,42,43,40,28,20,24,25,19,9,8,15,32
2017,Jericho and Al Aghwar,أريحا والأغوار,مُخَيَّمْ عِيْن السُلطَان,279,306,230,214,187,161,146,146,125,94,70,50,22,55,97,316,285,235,194,210,169,173,121,109,92,75,45,26,68,84
2017,Jericho and Al Aghwar,أريحا والأغوار,أريحا,994,1153,1020,1003,927,806,623,585,560,559,419,322,219,410,800,992,1076,1076,1005,963,754,644,636,604,531,451,339,235,462,739
2017,Jericho and Al Aghwar,أريحا والأغوار,دِير القِلْط,0,0,0,0,0,0,0,0,0,0,0,0,0,1,0,0,0,0,0,0,0,0,0,0,0,0,0,0,0,0
2017,Jericho and Al Aghwar,أريحا والأغوار,مُخَيَّمْ عَقَبَةْ جَبْر,601,645,526,529,455,346,272,217,232,182,176,104,55,80,174,546,595,505,457,402,358,249,257,219,185,146,99,62,112,174
2017,Jericho and Al Aghwar,أريحا والأغوار,دِير حَجْلَة,0,0,0,0,0,0,0,0,2,0,1,0,3,0,0,0,0,0,0,0,0,0,0,0,0,1,0,5,5,0
2017,Jericho and Al Aghwar,أريحا والأغوار,النَبي موسى,25,35,22,20,17,14,8,7,5,2,5,0,3,6,0,32,32,21,13,12,13,17,9,3,9,1,4,5,3,0
2017,Khan Yunis,خانيونس,القَرَارَة,2221,2187,1627,1368,1447,1309,967,777,641,486,476,353,243,406,0,2191,2007,1575,1349,1494,1316,954,745,647,495,440,302,251,511,0
2017,Khan Yunis,خانيونس,مخيم خانيونس,2926,2795,2407,2137,2264,1921,1309,925,867,691,819,525,366,526,0,2813,2762,2364,2030,2096,1844,1348,1039,911,743,692,532,398,821,0
2017,Khan Yunis,خانيونس,خانيونس,16089,15759,12514,10366,9827,8854,6694,5490,4669,3294,3049,2060,1615,2642,12,15631,15174,11919,9608,9834,8719,6791,5225,4227,3128,2712,1999,1633,3021,5
2017,Khan Yunis,خانيونس,بَنِي سُهِيلا,3462,3273,2576,2040,2047,1823,1335,1125,878,626,580,401,300,492,0,3320,3075,2467,2021,2028,1693,1238,985,816,618,568,439,325,575,0
2017,Khan Yunis,خانيونس,عَبَسَان الجَديدَة,713,714,578,475,501,394,322,238,193,133,145,101,76,121,0,718,652,567,473,413,365,277,241,216,138,145,96,82,133,0
2017,Khan Yunis,خانيونس,عَبَسَان الكَبِيرَة,2078,2134,1640,1261,1201,1056,804,773,576,485,416,314,210,502,0,2018,2032,1604,1188,1131,992,902,718,602,457,385,252,259,575,0
2017,Khan Yunis,خانيونس,خُزَاعَة,884,825,681,551,541,495,377,324,272,210,167,129,93,207,0,812,776,635,483,530,463,382,335,256,188,188,128,111,259,0
2017,Khan Yunis,خانيونس,الفُخَّارِي,556,486,404,330,351,268,185,148,158,117,90,42,34,71,0,494,435,393,317,312,296,192,179,155,117,87,50,36,91,0
2017,North Gaza,شمال غزة,أم النصر (القَريَة البَدَوِيَّة),437,378,298,257,241,220,141,75,78,74,56,41,21,32,0,429,363,258,213,265,218,137,99,101,70,68,47,20,42,0
2017,North Gaza,شمال غزة,بِيت لاهْيا,6755,6675,5654,4791,4986,4103,2893,2239,1908,1438,1288,879,596,948,31,6553,6402,5384,4543,4586,3992,2860,2242,1800,1403,1222,829,581,1121,42
2017,North Gaza,شمال غزة,بِيت حَانُون,4475,4190,3516,2800,2715,2220,1487,1154,959,705,650,448,292,437,5,4197,4047,3374,2626,2637,2189,1575,1270,1014,695,619,446,318,536,5
2017,North Gaza,شمال غزة,مُخَيَّم جَبَالْيا,3322,3529,3077,2653,2872,2311,1516,1103,1076,891,884,569,301,524,2,3076,3338,3004,2642,2579,2216,1524,1221,1125,884,881,521,347,869,3
2017,North Gaza,شمال غزة,جَبَاليا,13101,12652,10444,8818,9422,8272,5989,4420,3502,2651,2626,1900,1334,1934,44,12334,11885,10052,8571,9078,7820,5595,4275,3405,2572,2446,1753,1284,2072,53
2017,Salfit,سلفيت,دِير إستْيا,211,193,216,170,235,177,94,77,83,83,83,65,50,71,0,200,171,181,188,221,151,108,83,96,109,82,67,35,99,0
2017,Salfit,سلفيت,قَراوَة بَني حَسَّان,504,403,362,322,245,218,161,150,132,80,63,42,44,47,0,513,428,305,245,256,191,127,133,103,87,64,49,40,55,0
2017,Salfit,سلفيت,قِيرَة,63,79,88,98,66,48,38,29,33,36,24,11,9,16,0,74,62,85,80,66,39,30,34,31,32,19,17,6,32,0
2017,Salfit,سلفيت,كِفِلْ حَارِس,272,241,239,241,222,159,115,104,94,91,81,61,35,73,0,213,210,247,226,197,156,126,104,122,84,81,59,39,85,0
2017,Salfit,سلفيت,مَرْدَا,144,129,123,124,128,102,89,58,53,53,55,43,32,41,0,137,117,138,103,118,113,70,59,56,57,47,36,27,61,0
2017,Salfit,سلفيت,بِدْيَا,760,714,618,554,599,448,309,262,237,247,193,132,74,118,0,721,642,607,549,517,366,324,254,246,195,169,108,76,138,0
2017,Salfit,سلفيت,حَارِس,323,274,273,214,196,178,143,110,94,80,52,48,33,33,0,285,270,271,190,227,173,122,82,87,76,62,54,29,50,0
2017,Salfit,سلفيت,يَاسُوف,158,103,94,106,97,120,63,57,62,43,39,35,19,33,0,118,132,119,89,106,89,59,52,52,48,42,25,28,50,0
2017,Salfit,سلفيت,مَسْحَة,146,157,127,159,133,101,61,65,60,51,47,28,27,21,0,146,141,146,124,110,84,63,62,55,53,47,34,25,35,0
2017,Salfit,سلفيت,إسْكَاكَا,75,57,64,73,77,72,43,26,24,25,23,20,11,23,0,86,53,47,52,67,54,27,29,26,22,30,21,17,23,0
2017,Salfit,سلفيت,سرْطَة,221,247,205,179,165,158,97,93,75,72,57,49,30,23,0,271,220,189,164,154,153,76,88,82,61,44,35,35,50,0
2017,Salfit,سلفيت,عِزْبِة أبو آدَم,0,0,1,2,2,0,0,0,0,0,0,0,0,1,0,0,0,0,0,0,0,0,0,0,0,0,1,0,0,0
2017,Salfit,سلفيت,الزَاوِيَة,420,376,351,281,281,240,216,189,145,107,107,83,59,91,0,405,405,330,289,276,239,205,163,121,125,115,84,47,125,0
2017,Salfit,سلفيت,سَلْفِيت,669,663,623,512,524,488,344,310,286,260,264,188,142,209,0,633,612,552,536,512,458,396,331,285,255,247,190,145,277,0
2017,Salfit,سلفيت,رَافات,180,174,135,114,144,124,87,79,62,51,37,34,19,39,0,164,174,120,138,117,100,74,64,59,38,45,30,21,33,0
2017,Salfit,سلفيت,بْرُوقِين,262,231,216,256,234,185,127,98,106,86,80,55,43,74,0,241,212,230,200,181,164,128,108,91,94,77,52,27,83,0
2017,Salfit,سلفيت,فَرْخَة,95,80,98,91,94,75,53,35,47,38,34,25,14,29,0,100,83,91,83,94,61,48,46,46,37,31,25,19,35,0
2017,Salfit,سلفيت,كَفْر الدِيك,331,306,298,285,269,221,201,169,156,135,129,84,57,101,0,294,287,305,283,260,202,182,175,158,129,107,66,56,160,0
2017,Salfit,سلفيت,دِير بَلُّوط,256,219,225,223,157,179,133,103,102,67,74,49,52,87,0,232,189,179,202,165,160,109,116,97,85,75,60,53,124,0
2017,Salfit,سلفيت,خِرْبَةْ قَيْس,14,22,12,11,16,15,9,6,12,6,6,0,1,8,0,19,11,13,8,12,12,8,10,5,6,6,3,4,11,0
2017,Tubas,طوباس,بَرْدَلَة,117,108,97,89,77,65,60,41,47,28,38,16,11,23,0,91,73,95,85,77,62,54,45,39,42,25,26,17,36,0
2017,Tubas,طوباس,عِيْن البَيْضَا,85,80,81,69,59,42,38,37,36,34,16,9,10,12,0,61,71,69,53,51,43,32,30,33,21,15,10,8,17,0
2017,Tubas,طوباس,كَرْدَلَة,6,10,17,15,7,13,4,3,5,9,7,2,2,3,0,5,9,19,16,10,4,3,6,11,4,4,0,1,5,0
2017,Tubas,طوباس,خِرْبِة تَل الحِمَّة,4,5,0,2,4,10,5,4,0,1,0,2,1,4,0,11,3,0,0,3,6,3,0,1,1,1,1,0,4,0
2017,Tubas,طوباس,إبْزِيق,9,10,5,12,10,4,6,2,3,1,0,1,1,3,0,12,10,11,3,6,4,0,4,4,1,2,2,1,0,0
2017,Tubas,طوباس,سَلْحَب,0,0,3,3,2,1,1,0,1,0,0,0,0,1,0,1,1,3,2,2,0,1,0,0,0,2,1,0,0,0
2017,Tubas,طوباس,عَقَّابَا,620,505,518,462,449,385,274,253,220,156,141,76,65,113,0,525,494,444,435,418,345,247,210,206,153,110,103,74,120,0
2017,Tubas,طوباس,تَياسِير,207,181,161,162,162,152,107,92,77,54,41,32,30,43,0,161,173,150,135,136,139,91,75,61,55,38,39,38,45,0
2017,Tubas,طوباس,الفَارِسِيَّة,8,4,5,8,14,4,1,2,2,1,4,0,3,5,0,3,8,6,4,3,7,1,1,5,5,2,3,3,4,0
2017,Tubas,طوباس,العَقَبَة,11,12,15,7,7,7,2,7,3,4,1,1,2,4,0,11,11,8,10,6,9,3,4,5,3,4,4,2,3,0
2017,Tubas,طوباس,المالِح,26,31,23,23,16,13,8,8,5,4,3,2,2,5,0,31,17,29,29,13,13,10,11,4,5,1,8,2,7,0
2017,Tubas,طوباس,طُوبَاس,1368,1244,1229,1116,1058,931,690,623,594,496,455,341,211,406,0,1321,1277,1181,1025,1098,815,724,618,541,477,406,316,236,455,1
2017,Tubas,طوباس,كَشْدَة ,3,3,4,3,4,2,1,1,2,2,0,0,1,0,0,6,4,4,5,3,3,1,2,4,3,1,0,1,2,0
2017,Tubas,طوباس,خِرْبِة يَرْزَة,2,2,2,1,3,0,1,1,1,0,1,0,0,2,0,2,3,2,1,0,1,2,0,0,1,0,0,1,2,0
2017,Tubas,طوباس,رَاس الفارْعَةْ,89,87,75,62,66,47,49,38,38,29,20,10,12,17,0,73,59,80,61,47,57,50,30,38,20,27,21,10,20,0
2017,Tubas,طوباس,مُخَيَّمْ الفارْعَةْ,349,381,350,339,309,244,143,142,139,144,127,77,42,71,0,303,306,329,316,256,220,168,164,143,130,111,69,52,121,0
2017,Tubas,طوباس,خِرْبِة الرَاس الأحْمَر,2,2,5,8,10,5,0,1,1,2,2,1,1,2,0,3,1,3,5,3,3,2,2,1,2,2,2,0,2,0
2017,Tubas,طوباس,وادي الفارِعَة,248,273,247,261,203,153,98,111,126,118,77,53,24,39,0,236,221,252,229,170,165,111,118,112,94,73,44,18,67,0
2017,Tubas,طوباس,طَمُّون,815,815,698,655,701,578,445,404,365,325,224,164,122,220,0,782,715,663,622,670,617,457,366,320,309,243,180,164,291,0
2017,Tubas,طوباس,خِرْبِة عَاطُوف,16,17,14,12,9,6,3,8,5,7,1,2,2,5,0,12,13,18,11,7,5,9,9,7,4,2,1,2,6,0
2017,Tubas,طوباس,الحَدِيدِيَّة,10,10,10,12,8,5,1,5,6,2,2,1,1,5,0,21,12,15,11,14,4,4,5,4,5,4,1,0,2,0
2017,Tulkarm,طولكرم,عَكَّابَة,31,19,18,13,23,13,7,8,6,6,11,4,4,5,0,22,26,15,14,21,10,10,7,7,13,4,3,2,6,0
2017,Tulkarm,طولكرم,قَفِّين,744,671,584,580,576,491,369,331,283,214,162,162,129,146,4,675,695,596,489,460,389,309,292,235,186,180,167,106,196,4
2017,Tulkarm,طولكرم,نَزْلَة عِيسى,127,136,126,114,111,112,80,75,68,53,35,43,37,49,0,135,113,102,126,108,87,69,69,45,51,48,36,40,50,0
2017,Tulkarm,طولكرم,النَزْلَة الشَرْقيِّة,88,94,86,87,92,65,54,54,61,39,30,24,18,45,0,89,84,71,78,68,52,47,49,35,34,33,30,24,52,0
2017,Tulkarm,طولكرم,باقَة الشَرْقيِّة,282,288,288,293,308,210,158,130,124,118,109,77,59,70,0,254,246,243,268,253,170,140,139,120,117,85,87,37,98,0
2017,Tulkarm,طولكرم,النَزْلَة الوُسطى,24,23,24,20,25,22,13,12,7,8,10,9,7,9,3,26,26,17,12,22,18,12,9,9,12,11,8,11,13,4
2017,Tulkarm,طولكرم,النَزْلَة الغَرْبيِّة,64,70,59,79,77,56,22,32,23,35,29,14,10,13,0,52,54,62,77,52,30,26,31,29,25,20,12,8,22,0
2017,Tulkarm,طولكرم,زَيْتَا,147,143,191,176,189,122,69,69,89,79,72,74,22,48,0,139,149,183,178,152,98,84,85,85,87,61,52,43,116,0
2017,Tulkarm,طولكرم,صَيْدا,243,235,196,203,223,172,120,96,95,78,78,62,40,64,0,231,209,182,196,172,162,109,96,82,74,69,71,39,86,0
2017,Tulkarm,طولكرم,عِلاَّر,410,414,342,410,463,391,231,225,171,181,152,108,74,108,0,453,365,363,368,417,325,193,174,175,181,157,124,101,195,0
2017,Tulkarm,طولكرم,عَتِّيل,615,617,532,518,573,467,351,307,245,228,239,179,98,222,2,567,547,496,489,493,420,345,264,243,222,208,179,147,294,3
2017,Tulkarm,طولكرم,دِير الغُصُون,612,524,499,522,549,473,299,242,247,245,246,218,102,179,0,578,514,476,503,483,372,282,273,254,224,214,178,119,263,0
2017,Tulkarm,طولكرم,الجاروشِيَّة,64,65,64,63,78,48,34,29,34,19,27,28,15,24,0,59,73,58,52,52,45,42,27,28,32,31,22,16,25,0
2017,Tulkarm,طولكرم,المَسْقوفَة,5,7,12,9,10,7,1,4,1,6,5,5,3,2,0,5,3,12,14,5,6,7,3,3,7,2,4,2,4,0
2017,Tulkarm,طولكرم,بَلْعا,492,433,440,413,397,388,247,204,190,168,166,142,79,103,0,483,400,421,422,426,329,216,220,187,149,164,126,83,140,0
2017,Tulkarm,طولكرم,إكتَابَا,187,195,181,170,160,119,98,91,81,70,65,42,17,31,0,185,189,175,153,149,107,85,92,67,63,57,33,23,38,0
2017,Tulkarm,طولكرم,مُخَيَّم نُورْ شَمْس,383,350,351,357,365,279,204,178,177,152,142,100,50,81,0,378,362,304,339,322,263,165,164,175,156,149,130,39,149,0
2017,Tulkarm,طولكرم,مُخَيَّم طُولكَرْم,548,613,498,551,569,451,268,249,250,239,228,142,74,158,0,511,562,542,502,460,414,269,283,294,243,231,163,104,269,0
2017,Tulkarm,طولكرم,طُولكَرْم,3721,3664,3518,3381,3496,3023,2026,1827,1817,1457,1468,1156,679,1149,6,3593,3559,3351,3268,3270,2771,2045,1910,1709,1494,1402,1093,710,1433,7
2017,Tulkarm,طولكرم,عِزْبَة أبو خَمِيش,3,3,2,1,3,4,0,1,2,1,2,0,0,2,0,7,2,1,5,4,1,2,1,2,1,0,1,0,3,0
2017,Tulkarm,طولكرم,عَنَبْتا,356,429,449,458,444,320,195,215,214,197,225,172,100,181,0,324,398,428,385,412,282,257,222,232,229,210,161,98,284,0
2017,Tulkarm,طولكرم,عِزْبَة  الِخلال,8,10,14,6,7,3,5,4,4,4,0,0,2,2,0,14,9,4,9,6,5,5,3,3,3,1,0,2,4,0
2017,Tulkarm,طولكرم,كَفْر اللَبَد,265,241,290,300,249,214,137,132,132,120,104,71,43,73,0,237,260,216,287,256,200,132,127,120,109,93,78,38,105,0
2017,Tulkarm,طولكرم,كَفَا,40,50,64,48,49,32,19,20,19,37,25,13,5,9,0,42,35,40,56,35,23,20,33,30,23,17,10,0,14,0
2017,Tulkarm,طولكرم,الحَفَّاصي,13,14,11,8,11,10,8,7,2,4,4,4,0,4,0,8,15,12,10,10,10,8,5,9,6,3,3,1,6,0
2017,Tulkarm,طولكرم,عزْبَة شُوفَة,90,96,80,66,78,64,44,47,44,28,23,24,15,28,0,77,92,65,77,78,73,45,35,41,28,25,25,14,18,0
2017,Tulkarm,طولكرم,رَامِين,79,87,88,108,123,96,48,44,51,58,56,38,26,48,0,107,93,103,124,93,83,52,59,53,50,50,38,26,68,0
2017,Tulkarm,طولكرم,فَرْعُون,250,250,232,200,220,162,112,124,137,97,81,54,40,72,0,220,267,222,180,203,161,124,142,117,91,59,61,46,104,1
2017,Tulkarm,طولكرم,شُوفَة,65,80,78,71,92,56,49,42,29,38,27,28,13,29,0,64,75,59,79,75,44,32,38,37,23,25,27,9,33,0
2017,Tulkarm,طولكرم,خِرْبَة جْبارة,18,25,17,17,21,12,8,10,9,5,8,3,6,9,0,6,14,14,17,10,12,9,9,8,9,5,8,5,11,0
2017,Tulkarm,طولكرم,سَفَّارِين,29,28,42,43,57,28,22,17,18,18,26,19,8,16,0,33,37,41,43,43,27,14,21,26,17,18,14,5,25,0
2017,Tulkarm,طولكرم,بِيت لِيد,239,277,292,340,334,210,151,129,150,162,162,97,53,143,0,261,286,293,326,272,190,146,150,151,164,110,101,75,203,0
2017,Tulkarm,طولكرم,الرَاس,44,33,30,44,46,37,14,15,19,17,17,14,6,10,0,28,19,32,31,40,30,17,13,20,15,18,9,7,9,0
2017,Tulkarm,طولكرم,كَفْر صُور,75,68,62,75,73,71,43,31,17,24,22,44,18,26,0,59,46,55,63,80,51,36,32,35,31,32,28,16,43,0
2017,Tulkarm,طولكرم,كُورْ,10,14,15,16,17,14,8,6,6,6,7,6,5,7,0,11,16,19,19,11,11,6,7,11,11,6,6,4,10,0
2017,Tulkarm,طولكرم,كَفْر زِيبَاد,67,72,60,57,82,46,36,26,33,21,30,20,20,25,0,48,71,51,54,58,57,44,35,33,30,31,21,20,41,0
2017,Tulkarm,طولكرم,كَفْر جَمَّال,164,153,150,173,154,131,91,75,65,93,56,45,27,52,0,149,130,120,139,165,124,82,95,72,56,59,47,37,80,0
2017,Tulkarm,طولكرم,كَفْر عَبُّوش,87,102,100,108,91,54,39,48,48,43,38,21,19,32,0,103,97,99,88,81,67,46,56,56,31,28,32,26,56,0
2017,Qalqilia,قلقيلية,فَلامِية,51,43,37,42,39,30,21,19,19,14,15,13,13,11,0,49,48,36,40,47,34,22,22,29,10,19,14,5,15,0
2017,Qalqilia,قلقيلية,كَفْر قَدُّوم,197,199,195,213,202,153,111,81,82,93,73,44,29,51,0,182,176,186,162,175,122,90,97,77,71,77,33,37,72,0
2017,Qalqilia,قلقيلية,جِيْت,156,161,157,131,121,101,80,63,61,51,40,33,18,35,0,163,156,149,134,116,95,81,50,62,43,46,22,29,51,0
2017,Qalqilia,قلقيلية,باقَةْ الحَطَب,133,120,147,117,104,93,57,49,58,46,46,23,20,24,0,112,123,104,99,89,71,60,57,52,29,26,22,16,46,0
2017,Qalqilia,قلقيلية,حَجَّة,212,165,128,123,119,130,108,80,62,53,49,47,25,50,0,185,165,139,137,143,115,93,68,59,52,43,42,21,46,0
2017,Qalqilia,قلقيلية,جَيُّوس,226,240,195,161,162,150,109,108,105,66,65,53,46,85,0,218,192,207,164,172,122,123,105,98,55,74,58,37,82,0
2017,Qalqilia,قلقيلية,خِرْبِة صِيْر,30,47,39,40,29,17,18,18,15,21,15,9,15,13,0,41,37,36,37,21,27,19,18,17,14,22,8,7,15,0
2017,Qalqilia,قلقيلية,عَرَب الرَماضِين الشَمَالي,11,6,2,3,2,2,4,4,2,1,0,2,0,2,0,4,6,4,1,4,8,2,3,2,3,3,0,1,2,0
2017,Qalqilia,قلقيلية,فَرْعَتا,60,64,46,56,43,41,32,26,22,13,10,12,6,13,0,73,48,44,52,39,43,23,27,16,21,12,10,8,12,0
2017,Qalqilia,قلقيلية,إِمَّاتِين,164,173,181,189,139,121,86,60,89,59,54,47,21,36,0,159,147,178,161,149,105,81,86,66,53,38,33,29,51,0
2017,Qalqilia,قلقيلية,الفُنْدُق,90,86,77,52,34,45,42,37,38,16,16,12,7,19,0,88,69,69,56,39,49,53,40,21,18,13,14,9,16,0
2017,Qalqilia,قلقيلية,قَلْقِيلْيَة,3164,2983,2694,2632,2636,2188,1603,1404,1245,1028,959,765,472,780,0,3030,2996,2636,2462,2372,1982,1516,1416,1212,985,978,666,509,870,0
2017,Qalqilia,قلقيلية,النَبِي إليَاس,94,100,70,72,89,72,42,41,22,26,31,20,10,30,0,87,98,80,68,66,56,31,44,35,36,23,26,11,19,0
2017,Qalqilia,قلقيلية,كَفْر لاقِف,53,55,62,62,77,49,31,24,23,35,22,25,8,11,0,53,47,49,60,64,39,29,28,30,39,28,14,7,15,0
2017,Qalqilia,قلقيلية,عَرَب أبو فَرْدَة,9,5,14,9,8,4,0,0,2,5,5,2,0,2,0,4,7,8,11,10,3,0,4,4,6,4,3,1,1,0
2017,Qalqilia,قلقيلية,عِزْبَة الطَبِيب,11,13,20,16,13,20,7,1,6,4,8,6,1,5,0,10,16,13,14,19,11,3,9,5,10,3,3,4,7,0
2017,Qalqilia,قلقيلية,جِنْصَافُوط,162,169,133,138,163,95,78,82,64,55,49,43,20,43,0,178,150,145,151,123,98,80,66,69,49,48,35,22,63,0
2017,Qalqilia,قلقيلية,عَزُّون,610,545,536,547,605,462,286,236,208,201,207,172,85,129,0,564,526,541,504,488,358,230,248,227,201,174,134,89,156,0
2017,Qalqilia,قلقيلية,عَرَب الرَماضِين الجَنُوبي,15,21,22,14,18,9,11,11,4,5,7,4,1,3,0,21,26,16,14,12,10,7,7,9,6,5,1,3,4,0
2017,Qalqilia,قلقيلية,عَسْلَة,92,67,55,67,79,47,31,37,31,25,22,18,6,14,0,68,67,57,61,40,53,33,28,28,29,10,14,13,19,0
2017,Qalqilia,قلقيلية,عرب الخوله,0,0,0,0,0,0,0,1,0,1,0,0,0,2,0,0,0,0,0,0,0,0,1,0,1,1,0,2,2,0
2017,Qalqilia,قلقيلية,وادي الرَشَا,8,7,9,8,8,11,4,2,4,2,1,1,1,1,0,17,12,10,7,10,6,6,8,1,1,1,2,3,1,0
2017,Qalqilia,قلقيلية,حَبْلَة,479,450,437,408,367,327,232,212,208,171,119,100,60,86,2,449,393,398,386,335,299,205,200,204,128,121,87,63,129,2
2017,Qalqilia,قلقيلية,راس الطِيرَة,33,38,26,29,28,28,14,15,7,7,11,7,7,5,0,49,30,26,22,24,18,7,13,7,12,5,9,4,3,0
2017,Qalqilia,قلقيلية,راس عَطِيَّة,168,144,136,113,97,100,76,69,60,32,31,19,20,16,0,176,141,124,108,107,95,69,56,53,26,31,20,21,21,0
2017,Qalqilia,قلقيلية,الضَبْعَة,28,26,21,24,27,21,14,10,6,8,9,2,1,11,0,36,23,21,25,19,23,8,9,8,15,4,3,3,7,0
2017,Qalqilia,قلقيلية,كَفْر ثُلْث,376,351,263,233,257,180,154,145,121,87,82,59,56,93,45,352,305,281,249,230,191,152,132,85,96,80,66,59,116,44
2017,Qalqilia,قلقيلية,عِزْبَة جَلْعُود,12,12,10,10,6,4,7,3,7,4,1,2,1,3,0,6,9,7,3,7,5,7,3,5,1,0,7,0,4,0
2017,Qalqilia,قلقيلية,المُدَوَّر,34,32,24,22,13,11,11,9,14,2,3,2,1,5,0,28,29,24,21,9,11,12,11,7,3,4,1,3,4,0
2017,Qalqilia,قلقيلية,عِزْبَة سَلْمان,67,68,58,52,42,33,28,30,26,14,14,10,10,12,0,59,70,58,53,32,44,23,23,22,16,5,8,7,12,0
2017,Qalqilia,قلقيلية,عِزْبِة الأشْقَر,36,33,23,22,23,29,18,8,11,5,7,6,7,8,0,34,30,24,10,33,21,11,8,8,9,9,11,2,5,0
2017,Qalqilia,قلقيلية,بِيت أَمين,104,83,82,63,76,50,54,35,35,18,24,19,14,16,0,93,98,75,63,52,49,30,33,25,16,24,15,15,18,0
2017,Qalqilia,قلقيلية,سَنّيرْيَا,273,222,217,192,192,169,128,104,102,64,51,40,44,51,0,282,257,228,155,184,151,103,84,66,61,50,43,40,56,0
2017,Qalqilia,قلقيلية,عَزُّون عَتْمَة,187,127,117,118,113,100,89,53,40,31,36,27,13,30,0,143,141,123,106,110,82,64,46,33,35,30,23,17,34,0
2017,Dier al Balah,دير البلح,مُخَيَّم النُصَيْرَات,2129,2209,1823,1557,1757,1470,1031,775,700,599,595,356,238,457,0,2087,2046,1922,1497,1612,1422,1078,886,746,584,572,347,283,647,0
2017,Dier al Balah,دير البلح,النُصَيْرَات,4050,4012,3287,2714,2754,2465,1809,1437,1232,894,953,610,455,681,4,3875,3827,3069,2704,2757,2556,1886,1495,1234,867,798,630,458,778,3
2017,Dier al Balah,دير البلح,مُخَيَّم البُرَيْج,2116,2079,1624,1417,1457,1260,893,723,578,474,477,325,210,309,15,1945,1956,1689,1289,1459,1225,966,700,594,464,462,312,227,490,5
2017,Dier al Balah,دير البلح,البُرَيْج,1150,1120,948,827,791,724,520,377,334,244,269,192,117,174,3,1072,1055,890,746,843,705,493,416,341,235,272,165,106,203,2
2017,Dier al Balah,دير البلح,الزَوايْدَة,1689,1665,1398,1234,1224,1075,750,650,546,400,388,267,197,322,39,1593,1658,1297,1099,1219,1028,814,695,550,435,376,299,209,441,42
2017,Dier al Balah,دير البلح,مُخَيَّم دِير البَلح,456,497,444,385,397,303,233,170,180,115,125,79,48,93,0,438,487,414,327,305,311,234,176,152,127,128,77,60,153,0
2017,Dier al Balah,دير البلح,مُخَيَّم المَغَازِي,1274,1197,1055,896,996,878,614,492,371,288,335,213,147,252,4,1215,1253,980,872,894,860,630,487,392,320,326,220,166,342,4
2017,Dier al Balah,دير البلح,المَغَازِي,684,677,598,472,530,440,284,262,210,176,176,119,84,120,4,645,630,545,487,528,433,332,244,214,160,186,117,73,138,4
2017,Dier al Balah,دير البلح,دِير البَلح,5489,5225,4401,3729,3773,3387,2510,1952,1656,1287,1240,792,585,1078,16,5221,4983,4093,3573,3868,3435,2557,2061,1645,1281,1129,805,643,1339,18
2017,Dier al Balah,دير البلح,المُصَدَّر,184,164,140,136,127,112,96,53,56,55,47,32,33,31,0,157,173,137,109,143,135,88,69,56,51,52,41,29,55,0
2017,Dier al Balah,دير البلح, وادِي السَلْقَا,539,438,415,325,325,290,190,171,160,112,93,59,41,84,0,512,479,380,300,331,313,227,199,175,117,105,68,65,134,0
2017,Rafah,رفح, رَفَح,13675,13376,10853,8647,8606,7538,5504,4333,3746,2820,2704,1920,1270,1941,0,12904,12814,10404,8369,8583,7594,5531,4414,3567,2633,2564,1734,1327,2400,0
2017,Rafah,رفح, مُخَيَّم رَفَح,2678,2538,2116,1892,2009,1690,1093,807,721,618,707,467,282,461,0,2451,2508,2087,1791,1908,1654,1125,916,776,694,658,442,325,792,0
2017,Rafah,رفح, النصر,766,726,568,471,433,394,231,204,196,145,114,79,61,119,0,703,597,508,470,470,386,271,215,186,172,131,80,60,143,0
2017,Rafah,رفح, الشُوكَة,1396,1314,983,804,798,629,520,344,314,263,218,146,95,152,0,1438,1282,939,776,804,722,537,425,400,241,235,167,133,215,0
2017,Ramallah and Al-Bireh,رام الله والبيرة,قَرَاوَة بَني زِيْد,238,239,199,184,190,178,118,91,82,73,58,48,33,39,0,222,180,180,192,184,148,114,95,67,63,54,44,31,50,0
2017,Ramallah and Al-Bireh,رام الله والبيرة,مزارِع النُوباني,140,144,149,134,138,107,73,66,66,55,50,36,26,50,0,142,123,130,123,130,92,77,67,67,68,37,39,26,66,0
2017,Ramallah and Al-Bireh,رام الله والبيرة,كَفْر عِيْن,115,105,103,86,92,96,68,65,42,42,47,19,28,45,0,132,127,105,89,91,93,67,52,58,38,35,26,29,51,0
2017,Ramallah and Al-Bireh,رام الله والبيرة,بيت ريما,251,256,229,213,258,246,130,118,143,90,89,65,55,82,0,236,218,211,194,220,196,135,124,127,102,82,80,53,105,0
2017,Ramallah and Al-Bireh,رام الله والبيرة,دير غَسَّانِة,92,111,72,66,73,95,59,54,49,30,29,26,25,67,0,83,83,80,58,82,69,64,51,39,27,43,41,43,71,0
2017,Ramallah and Al-Bireh,رام الله والبيرة,عارُورَة,196,156,156,195,177,133,116,85,82,85,63,45,29,49,0,188,161,167,154,158,129,95,95,79,60,72,44,33,86,0
2017,Ramallah and Al-Bireh,رام الله والبيرة,عِبْوَيْن,214,213,190,195,195,150,109,88,86,94,71,56,30,64,0,173,180,199,196,196,135,110,90,99,90,73,51,38,89,0
2017,Ramallah and Al-Bireh,رام الله والبيرة,تُرْمُسعَيَّا,105,170,211,148,92,39,40,61,58,40,43,37,16,82,0,100,142,179,167,95,60,87,90,61,62,68,36,36,124,0
2017,Ramallah and Al-Bireh,رام الله والبيرة,اللُبَّنْ الغَرْبي,105,94,79,90,100,77,48,29,32,45,36,25,15,20,0,82,59,93,80,96,64,50,39,34,47,32,28,19,38,0
2017,Ramallah and Al-Bireh,رام الله والبيرة,سِنْجِل,340,332,310,346,303,225,161,176,155,138,108,82,44,93,0,308,306,357,338,301,224,188,177,149,148,124,81,58,135,0
2017,Ramallah and Al-Bireh,رام الله والبيرة,دِير السُودَان,148,122,94,127,113,116,88,57,49,58,44,35,26,22,0,114,134,102,97,115,107,70,52,57,43,35,44,27,50,0
2017,Ramallah and Al-Bireh,رام الله والبيرة,رَنْتِيس,270,194,155,140,147,179,145,108,71,57,56,50,43,30,0,264,173,129,121,169,158,109,76,61,56,53,59,33,53,0
2017,Ramallah and Al-Bireh,رام الله والبيرة,جِلْجِيلِيَّا,29,23,39,30,22,20,13,17,15,12,10,10,9,24,0,25,33,35,36,34,19,20,24,14,20,17,22,14,42,0
2017,Ramallah and Al-Bireh,رام الله والبيرة,عَجُّول,94,87,76,54,71,56,64,40,41,29,30,22,15,21,0,83,89,68,71,67,68,45,47,26,27,30,28,11,33,0
2017,Ramallah and Al-Bireh,رام الله والبيرة,المُغَيِّر,223,184,198,148,143,105,96,95,65,55,37,26,19,55,0,219,206,162,150,118,115,98,85,56,54,33,33,21,55,0
2017,Ramallah and Al-Bireh,رام الله والبيرة,عابُود,111,114,90,85,107,98,94,78,62,49,58,37,35,86,0,103,91,109,93,80,87,72,68,47,59,47,52,40,88,0
2017,Ramallah and Al-Bireh,رام الله والبيرة,النَبي صالِح,22,18,40,37,28,32,16,12,10,18,13,11,7,13,0,26,17,28,28,26,16,12,11,21,14,11,9,9,14,0
2017,Ramallah and Al-Bireh,رام الله والبيرة,خِرْبَةْ أبو فَلاَح,268,247,246,232,267,201,160,128,98,86,81,67,46,100,0,248,252,229,239,212,172,159,108,115,92,78,62,52,122,0
2017,Ramallah and Al-Bireh,رام الله والبيرة,رَوابي,28,35,45,36,32,24,27,30,31,29,19,17,8,6,0,29,25,35,29,47,36,33,22,30,24,11,13,2,3,0
2017,Ramallah and Al-Bireh,رام الله والبيرة,أمُّ صَفَا,49,47,29,37,28,29,29,15,26,10,14,14,6,18,0,41,37,39,23,25,31,26,24,19,10,19,13,8,11,0
2017,Ramallah and Al-Bireh,رام الله والبيرة,المَزْرَعَة الشَرْقِيَّة,242,201,266,248,225,147,100,95,98,88,96,55,32,78,0,227,235,242,224,231,142,121,112,119,95,78,60,42,139,0
2017,Ramallah and Al-Bireh,رام الله والبيرة,دِير نِظَام,52,51,46,58,37,40,42,19,20,12,22,17,15,17,0,42,53,55,40,46,31,28,27,24,19,16,10,13,19,0
2017,Ramallah and Al-Bireh,رام الله والبيرة,عَطَارَة,126,142,116,141,147,89,85,82,64,63,47,45,33,34,0,147,144,128,137,133,107,91,65,74,53,53,45,21,65,0
2017,Ramallah and Al-Bireh,رام الله والبيرة,دِير أبو مَشْعَلْ,295,257,240,227,219,201,153,129,103,95,80,72,48,53,0,267,253,247,214,194,166,133,134,107,83,73,52,35,77,0
2017,Ramallah and Al-Bireh,رام الله والبيرة,جِيْبيا,7,7,10,9,8,8,3,3,4,8,3,7,1,1,0,5,6,4,9,10,5,8,4,4,5,8,3,1,4,0
2017,Ramallah and Al-Bireh,رام الله والبيرة,بُرْهَام,28,40,41,28,25,16,21,23,16,16,7,8,8,11,0,38,31,30,26,31,21,22,22,13,14,14,11,4,14,0
2017,Ramallah and Al-Bireh,رام الله والبيرة,كَفْر مَالِك,146,179,158,147,132,108,102,100,93,76,42,37,33,88,0,157,189,150,127,128,123,120,95,63,64,62,40,40,129,0
2017,Ramallah and Al-Bireh,رام الله والبيرة,شُقْبَا,453,417,371,257,291,250,197,160,140,95,63,59,39,42,0,419,387,327,253,238,220,195,141,116,65,71,57,52,50,0
2017,Ramallah and Al-Bireh,رام الله والبيرة,كُوبَر,278,282,227,198,234,206,164,116,114,105,77,76,46,70,0,266,251,213,226,204,187,147,119,117,98,87,60,38,87,0
2017,Ramallah and Al-Bireh,رام الله والبيرة,قِبْيَا,499,416,350,317,348,326,243,202,130,102,89,90,53,33,0,472,361,355,309,292,266,191,143,109,91,93,72,59,42,0
2017,Ramallah and Al-Bireh,رام الله والبيرة,سِلْواد,391,417,422,334,309,235,192,153,189,141,114,89,53,111,0,380,362,402,363,256,246,212,194,175,133,133,105,47,145,0
2017,Ramallah and Al-Bireh,رام الله والبيرة,يَبْرُود,34,41,32,35,34,24,22,15,14,6,14,12,7,16,0,31,15,30,36,24,25,14,17,17,10,16,9,9,12,0
2017,Ramallah and Al-Bireh,رام الله والبيرة,بِيتِللُّو,235,186,193,194,207,200,139,76,74,69,55,56,28,41,0,230,183,181,192,216,154,92,88,76,65,71,41,33,69,0
2017,Ramallah and Al-Bireh,رام الله والبيرة,شِبْتِين,123,97,55,55,65,60,42,40,23,14,14,6,11,4,0,82,79,62,48,61,50,32,35,12,17,6,18,10,8,0
2017,Ramallah and Al-Bireh,رام الله والبيرة,جَمَّالا,154,115,80,85,93,83,60,39,44,23,20,17,11,21,0,143,114,93,84,81,74,59,42,27,24,14,24,11,19,0
2017,Ramallah and Al-Bireh,رام الله والبيرة,بِيرزيت,353,334,285,282,250,231,242,192,155,137,138,88,56,155,6,356,321,276,250,268,281,261,168,170,120,118,99,78,165,7
2017,Ramallah and Al-Bireh,رام الله والبيرة,الدوحة,7,11,13,11,7,12,5,4,5,6,9,3,4,8,0,7,10,6,12,10,7,10,5,7,5,9,5,4,6,0
2017,Ramallah and Al-Bireh,رام الله والبيرة,عِيْن سِينْيا,58,59,48,45,34,36,35,27,28,14,23,12,10,36,0,54,36,48,39,38,42,38,27,34,22,15,18,16,27,0
2017,Ramallah and Al-Bireh,رام الله والبيرة,مُخَيَّمْ سِلْواد,30,29,30,30,22,21,15,15,21,6,4,7,4,5,0,28,36,27,10,20,24,17,12,10,6,7,5,2,10,0
2017,Ramallah and Al-Bireh,رام الله والبيرة,دِير جَرِيْر,254,282,256,219,214,171,144,118,129,97,81,76,47,82,0,277,246,246,231,199,200,160,147,123,88,96,79,63,116,0
2017,Ramallah and Al-Bireh,رام الله والبيرة,دِير عَمَّار,253,229,194,189,178,155,145,88,72,66,48,44,27,38,0,251,215,168,180,167,134,109,80,68,66,52,31,31,54,0
2017,Ramallah and Al-Bireh,رام الله والبيرة,مُخَيَّمْ دِير عَمَّار,162,106,79,91,124,108,77,50,33,30,35,27,22,28,0,129,92,89,103,107,81,57,37,45,39,37,32,14,38,0
2017,Ramallah and Al-Bireh,رام الله والبيرة,بُدْرُس,104,87,87,68,75,89,60,57,55,27,26,26,11,29,0,98,94,72,80,81,78,58,49,28,31,37,24,21,34,0
2017,Ramallah and Al-Bireh,رام الله والبيرة,ابو شُخَيْدِم,165,158,130,124,131,107,94,84,62,53,42,38,22,34,0,155,155,105,129,126,106,88,69,56,56,42,29,21,42,0
2017,Ramallah and Al-Bireh,رام الله والبيرة,جِفْنَا,135,144,162,161,172,103,86,89,67,94,77,33,18,61,34,152,156,146,164,169,101,98,94,79,85,48,32,24,77,40
2017,Ramallah and Al-Bireh,رام الله والبيرة,دُورا القَرِع,171,189,170,153,164,121,106,93,88,67,62,45,23,46,0,182,188,157,161,141,136,106,97,74,79,50,38,36,70,0
2017,Ramallah and Al-Bireh,رام الله والبيرة,الطَيْبَة,50,57,85,54,53,44,30,32,39,39,38,40,21,43,1,42,65,74,71,59,42,46,46,42,32,38,25,34,85,5
2017,Ramallah and Al-Bireh,رام الله والبيرة,المَزْرَعَة القِبْلِيَّة,326,332,293,322,286,251,195,143,128,112,98,71,41,78,2,311,296,266,264,284,246,168,142,106,109,86,64,46,80,2
2017,Ramallah and Al-Bireh,رام الله والبيرة,مُخَيَّمْ الجَلَزُون,491,520,501,469,457,388,285,231,205,188,146,123,75,95,0,471,512,466,452,377,314,275,226,232,159,165,118,80,129,1
2017,Ramallah and Al-Bireh,رام الله والبيرة,ابو قَشّ,119,144,123,128,96,85,80,73,63,56,41,36,26,50,1,111,116,129,113,118,99,72,78,57,52,42,42,24,49,0
2017,Ramallah and Al-Bireh,رام الله والبيرة,دِير قِدِّيس,189,159,125,133,115,129,100,70,69,54,27,35,27,23,0,170,155,136,114,108,105,97,75,58,40,31,39,23,31,0
2017,Ramallah and Al-Bireh,رام الله والبيرة,نِعْلِين,367,275,270,236,248,250,185,162,144,105,113,84,55,75,6,326,316,297,262,234,236,205,141,113,94,85,84,41,76,1
2017,Ramallah and Al-Bireh,رام الله والبيرة,عِيْن يَبْرود,118,134,140,160,104,67,66,60,60,71,59,43,30,64,0,127,139,160,151,119,82,74,100,62,72,67,41,29,101,0
2017,Ramallah and Al-Bireh,رام الله والبيرة,خَرْبَثا بَنِي حَارِث,254,228,218,189,183,186,132,107,72,63,51,42,38,36,0,229,216,183,159,189,157,130,85,59,72,50,44,42,36,0
2017,Ramallah and Al-Bireh,رام الله والبيرة,رَاس كَرْكَرْ,135,114,101,99,120,90,76,58,51,37,29,32,18,22,0,143,127,94,99,91,83,70,51,44,38,36,29,24,33,0
2017,Ramallah and Al-Bireh,رام الله والبيرة,صرْدَا,69,67,68,63,48,39,46,36,30,27,27,22,24,30,9,71,83,69,66,59,51,55,49,33,34,34,24,16,42,9
2017,Ramallah and Al-Bireh,رام الله والبيرة,الجانِيَة,83,62,91,69,70,62,47,33,33,39,19,8,12,17,0,71,85,82,59,63,51,43,41,37,25,24,26,16,20,0
2017,Ramallah and Al-Bireh,رام الله والبيرة,المِدْيَة,125,109,83,78,94,86,66,43,32,21,22,21,14,8,0,115,90,79,83,85,66,53,35,24,20,21,19,11,21,0
2017,Ramallah and Al-Bireh,رام الله والبيرة,رَمُّون,135,152,150,129,85,75,67,72,59,49,38,44,26,69,0,121,162,154,134,106,87,80,84,57,56,55,39,33,72,0
2017,Ramallah and Al-Bireh,رام الله والبيرة,كَفْر نِعْمَة,326,256,255,248,221,213,193,124,137,90,106,76,44,77,2,272,268,257,216,220,218,157,137,106,101,95,62,41,107,5
2017,Ramallah and Al-Bireh,رام الله والبيرة,بِلْعِين,156,137,123,111,114,107,89,66,50,41,35,37,14,24,0,171,137,96,83,90,106,70,61,53,42,36,25,16,34,0
2017,Ramallah and Al-Bireh,رام الله والبيرة,بَيْتِين,123,132,116,112,90,81,72,64,62,48,37,39,26,58,0,111,128,127,124,118,90,86,72,60,47,51,50,23,81,0
2017,Ramallah and Al-Bireh,رام الله والبيرة,عِيْن قِينيا,38,48,41,42,37,36,28,23,16,16,14,6,3,7,0,45,64,45,35,30,28,23,22,17,11,14,11,3,14,0
2017,Ramallah and Al-Bireh,رام الله والبيرة,بَدِو المُعَرَّجَات,88,80,44,52,54,29,30,15,16,10,11,4,5,3,0,60,55,56,47,40,31,22,22,16,8,9,5,7,6,0
2017,Ramallah and Al-Bireh,رام الله والبيرة,دِير إبزِيع,179,144,141,128,147,119,87,72,68,60,43,43,26,43,0,173,142,138,126,141,118,94,72,63,59,45,37,31,35,0
2017,Ramallah and Al-Bireh,رام الله والبيرة,دِير دُبْوَان,173,240,296,222,134,105,72,81,94,65,80,58,56,151,0,161,227,274,265,171,117,147,160,141,119,93,79,90,272,0
2017,Ramallah and Al-Bireh,رام الله والبيرة,البِيرَة,2428,2420,2213,2078,1826,1720,1492,1285,1282,1021,938,744,478,824,1146,2257,2289,2164,2021,1909,1954,1576,1437,1247,1000,893,628,454,996,1055
2017,Ramallah and Al-Bireh,رام الله والبيرة,عِيْن عَرِيك,97,100,98,106,91,87,55,54,39,50,43,29,19,23,0,99,91,104,103,78,73,61,56,48,47,31,25,15,41,0
2017,Ramallah and Al-Bireh,رام الله والبيرة,صَفَّا,247,248,231,214,217,218,174,132,114,91,95,73,54,56,0,262,271,215,219,193,213,171,120,100,99,95,71,49,105,0
2017,Ramallah and Al-Bireh,رام الله والبيرة,رامَ الله,1898,1893,1780,1628,1501,1344,1261,1235,1125,1012,876,674,445,793,1168,1775,1872,1713,1523,1495,1597,1399,1327,1129,914,727,601,385,864,1184
2017,Ramallah and Al-Bireh,رام الله والبيرة,بُرْقَة,108,128,136,122,105,80,44,57,44,43,32,34,18,28,0,108,128,131,156,115,83,61,64,42,44,30,29,12,52,0
2017,Ramallah and Al-Bireh,رام الله والبيرة,بِيت عُوْرْ التَحْتَا,369,322,305,251,236,256,204,183,152,103,75,72,56,60,0,296,292,261,217,239,228,174,162,110,110,78,69,59,70,0
2017,Ramallah and Al-Bireh,رام الله والبيرة,بِيتُونْيا,1812,1676,1406,1193,1060,1082,1006,908,713,562,463,328,194,295,225,1683,1553,1310,1141,1121,1213,1007,806,627,505,428,269,180,347,221
2017,Ramallah and Al-Bireh,رام الله والبيرة,مُخَيَّمْ الأَمْعَرِي,336,269,279,263,263,226,166,138,140,106,98,67,28,54,3,280,289,252,238,234,202,144,126,122,107,67,65,36,95,3
2017,Ramallah and Al-Bireh,رام الله والبيرة,مُخَيَّمْ قَدُّورَة,45,34,50,60,55,42,27,19,17,25,25,17,10,10,32,30,29,44,46,62,34,24,16,20,33,25,19,6,26,36
2017,Ramallah and Al-Bireh,رام الله والبيرة,بِيت سِيرَا,240,222,197,206,203,147,107,113,86,66,49,44,33,32,8,255,207,194,158,151,100,110,98,72,51,52,39,38,37,7
2017,Ramallah and Al-Bireh,رام الله والبيرة,خَرْبَثا المِصْباح,462,434,342,343,312,325,282,225,156,132,72,70,52,55,0,474,380,350,324,303,289,217,173,141,107,88,62,61,96,0
2017,Ramallah and Al-Bireh,رام الله والبيرة,بِيت عُوْر الفُوقَا,62,52,58,45,48,51,43,31,33,20,22,19,13,24,5,57,72,54,52,33,49,32,33,25,27,24,14,10,30,5
2017,Ramallah and Al-Bireh,رام الله والبيرة,الطيرَة,94,81,68,76,90,69,46,44,44,42,29,17,17,39,3,56,85,86,70,91,58,50,44,43,29,30,24,17,49,4
2017,Ramallah and Al-Bireh,رام الله والبيرة,بِيت لِقْيا,653,551,498,465,491,464,365,319,215,178,141,125,73,97,167,557,508,467,456,455,394,333,241,218,175,147,130,70,147,147
